date,segment,channel,contacts_offered,aht_seconds,workload_h,target_occupancy,required_h,delivered_h,gap_h,gap_fte,grade
2026-06-01,NORTH,chat,546,534.0,50.61874999999999,0.6623068614136483,76.42794141065934,64.96126554516097,-11.466675865498374,-1.8420362836141968,E
2026-06-01,NORTH,email,312,300.0,28.844410203711913,1.0,28.844410203711913,37.01729874279552,8.172888539083605,1.312913821539535,E
2026-06-01,NORTH,voice,702,415.2,80.96399999999998,0.7433968637672905,108.91087109205856,103.90465793008347,-5.006213161975083,-0.8042109497148728,E
2026-06-01,SOUTH,chat,706,508.8,62.36333333333333,0.6623068614136483,94.16078402120597,80.0336052736991,-14.127178747506875,-2.2694263048203815,E
2026-06-01,SOUTH,email,404,301.2,37.34981321249876,1.0,37.34981321249876,47.93265606438907,10.582842851890312,1.7000550766088856,E
2026-06-01,SOUTH,voice,908,430.2,108.506,0.7433968637672905,145.95972257688487,139.25051644387185,-6.709206133013026,-1.0777841177530967,E
2026-06-02,NORTH,chat,504,510.0,44.625,0.6580106754793127,67.81804864714991,65.23441691395263,-2.5836317331972793,-0.41504124228068745,E
2026-06-02,NORTH,email,288,304.8,26.625609418810996,1.0,26.625609418810996,38.92226566755811,12.296656248747112,1.9753664656621868,E
2026-06-02,NORTH,voice,648,415.8,74.84400000000001,0.7436460384493354,100.64465636913243,109.40962912062459,8.764972751492152,1.4080277512437194,E
2026-06-02,SOUTH,chat,598,535.2,55.56416666666667,0.6580106754793127,84.44265228097133,81.22568098172961,-3.2169712992417203,-0.5167825380307984,E
2026-06-02,SOUTH,email,342,306.0,31.617911184838057,1.0,31.617911184838054,46.220190480225256,14.602279295387202,2.345747677973848,E
2026-06-02,SOUTH,voice,769,423.0,90.3575,0.7436460384493354,121.50605977598582,132.08781683590982,10.581757059924001,1.6998806521966268,E
2026-06-03,NORTH,chat,486,526.2,44.398125,0.6644737159428282,66.81697700713876,67.73158802228144,0.9146110151426825,0.14692546427994901,E
2026-06-03,NORTH,email,278,309.0,25.70110909176895,1.0,25.70110909176895,39.20834343160678,13.50723433983783,2.169836841741017,E
2026-06-03,NORTH,voice,625,420.0,72.91666666666667,0.723338828547082,100.80568578508232,111.23806752255166,10.432381737469342,1.6758846164609387,E
2026-06-03,SOUTH,chat,575,525.0,52.408854166666664,0.6644737159428282,78.87272725649235,79.952361031834,1.079633775341648,0.17343514463319648,E
2026-06-03,SOUTH,email,328,294.0,30.32361072697919,1.0,30.32361072697919,46.26020376103245,15.93659303405326,2.56009526651458,E
2026-06-03,SOUTH,voice,739,411.0,84.36916666666667,0.723338828547082,116.63851481073243,128.7094362306937,12.07092141996128,1.9391038425640612,E
2026-06-04,NORTH,chat,446,507.0,39.25729166666667,0.6702317195053817,58.57271526277181,63.74282249946843,5.170107236696623,0.8305393151319876,E
2026-06-04,NORTH,email,255,292.8,23.574758339572234,1.0,23.574758339572234,38.27879032172705,14.704031982154817,2.3620934911092077,E
2026-06-04,NORTH,voice,573,415.8,66.1815,0.703537866518755,94.06956348700773,107.46017945070255,13.390615963694827,2.151102966055394,E
2026-06-04,SOUTH,chat,562,505.2,49.29208333333332,0.6702317195053817,73.5448381489762,80.03650749074869,6.491669341772493,1.042838448477509,E
2026-06-04,SOUTH,email,321,303.0,29.676460498049757,1.0,29.67646049804976,48.18624193440935,18.509781436359592,2.9734588652786496,E
2026-06-04,SOUTH,voice,723,415.2,83.386,0.703537866518755,118.52382646098421,135.39545830294392,16.87163184195971,2.710302303929271,E
2026-06-05,NORTH,chat,440,526.2,40.19583333333334,0.669918984558096,60.00103633403976,65.75622458003575,5.755188245995988,0.9245282322885122,E
2026-06-05,NORTH,email,251,304.8,23.204958208755418,1.0,23.204958208755418,37.9609107912163,14.755952582460882,2.370434149792913,E
2026-06-05,NORTH,voice,566,427.2,67.16533333333332,0.7019477180025956,95.68423916877092,109.8755362535825,14.19129708481158,2.2797264393271615,E
2026-06-05,SOUTH,chat,543,511.2,48.19125,0.669918984558096,71.935937196628,78.83589902251843,6.899961825890429,1.1084276025526794,E
2026-06-05,SOUTH,email,310,300.0,28.659510138303503,1.0,28.659510138303503,46.8839934074783,18.224483269174797,2.92762783440559,E
2026-06-05,SOUTH,voice,698,421.8,81.78233333333334,0.7019477180025956,116.50772733622725,133.7874359451687,17.279708608941462,2.775856804649231,E
2026-06-06,NORTH,chat,221,523.2,20.074166666666667,0.5526471737137226,36.32365751872153,27.2939275690435,-9.029729949678032,-1.450559028060728,E
2026-06-06,NORTH,email,126,292.2,11.64870412072981,1.0,11.64870412072981,15.83821096157174,4.189506840841929,0.6730131471232014,E
2026-06-06,NORTH,voice,284,408.0,32.18666666666667,0.6424378070554013,50.100828925672204,43.762740604704895,-6.338088320967309,-1.018166798548965,E
2026-06-06,SOUTH,chat,270,507.0,23.765624999999996,0.5526471737137226,43.003250772636456,32.31303486486193,-10.690215907774522,-1.7173037602850636,E
2026-06-06,SOUTH,email,154,307.8,14.237305036447546,1.0,14.237305036447546,19.35781339747657,5.120508361029023,0.8225716242616903,E
2026-06-06,SOUTH,voice,347,415.2,40.02066666666666,0.6424378070554013,62.29500541087464,54.41427260234132,-7.880732808533317,-1.265981174061577,E
2026-06-07,NORTH,chat,137,510.0,12.130208333333334,0.4564392361111111,26.575735330475563,15.123919777246956,-11.451815553228608,-1.839649084856001,E
2026-06-07,NORTH,email,78,297.0,7.211102550927978,1.0,7.211102550927978,8.99078840930066,1.7796858583726811,0.28589331058195677,E
2026-06-07,NORTH,voice,176,432.0,21.12,0.5472357587674301,38.593969165263914,26.332374260853367,-12.261594904410547,-1.969734121190449,E
2026-06-07,SOUTH,chat,167,526.2,15.256145833333333,0.4564392361111111,33.42426466952443,19.02133247450246,-14.402932195021972,-2.313724047393088,E
2026-06-07,SOUTH,email,95,292.2,8.78275310689946,1.0,8.78275310689946,10.950319216455929,2.1675661095564696,0.34820339109340875,E
2026-06-07,SOUTH,voice,215,424.8,25.37,0.5472357587674301,46.36027451338757,31.63126586164062,-14.729008651746952,-2.3661058075095505,E
2026-06-08,NORTH,chat,576,510.0,50.99999999999999,0.6619614884490714,77.04375691022352,65.17805336302813,-11.865703547195395,-1.9061371160153247,E
2026-06-08,NORTH,email,329,298.2,30.416060759683393,1.0,30.416060759683393,38.8717574762304,8.455696716547006,1.3583448540637761,E
2026-06-08,NORTH,voice,741,424.2,87.31450000000001,0.742759682879974,117.55417265170755,111.58802236012002,-5.966150291587525,-0.9584177175241004,E
2026-06-08,SOUTH,chat,692,514.8,61.84749999999999,0.6619614884490714,93.43066187264803,79.04116971313495,-14.389492159513082,-2.3115650055442702,E
2026-06-08,SOUTH,email,395,292.2,36.51776291816091,1.0,36.517762918160905,46.6697392191824,10.151976301021492,1.6308395664291553,E
2026-06-08,SOUTH,voice,890,417.0,103.09166666666667,0.742759682879974,138.79545301508475,131.7512578683041,-7.044195146780652,-1.131597613940667,E
2026-06-09,NORTH,chat,529,526.8,48.38145833333333,0.6469051300809184,74.78910907273452,66.47779165657062,-8.311317416163902,-1.335151392154844,E
2026-06-09,NORTH,email,302,295.2,27.919909876669863,1.0,27.919909876669863,38.36291868392738,10.44300880725752,1.6775917762662684,E
2026-06-09,NORTH,voice,680,415.8,78.54,0.7521228501292359,104.42443011338457,107.91666759473917,3.492237481354593,0.5610020050368825,E
2026-06-09,SOUTH,chat,638,520.2,57.619375000000005,0.6469051300809184,89.06928129135821,79.17100762530715,-9.898273666051054,-1.5900841230604104,E
2026-06-09,SOUTH,email,365,301.2,33.74426193703477,1.0,33.74426193703477,46.365779204084426,12.621517267049654,2.0275529746264507,E
2026-06-09,SOUTH,voice,821,430.2,98.1095,0.7521228501292359,130.44345080480142,134.80583523537132,4.362384430569904,0.700784647481109,E
2026-06-10,NORTH,chat,497,507.0,43.74635416666667,0.6539044183811001,66.90022721512027,62.51248023757411,-4.387746977546158,-0.7048589522162503,E
2026-06-10,NORTH,email,284,292.8,26.255809287994175,1.0,26.255809287994175,37.518915358845625,11.26310607085145,1.809334308570514,E
2026-06-10,NORTH,voice,639,415.2,73.698,0.7536679505413663,97.78576884828668,105.31265647867767,7.526887630390988,1.2091385751632109,E
2026-06-10,SOUTH,chat,632,534.0,58.59166666666667,0.6539044183811001,89.60279976655399,83.7260721346557,-5.876727631898291,-0.9440526316302476,E
2026-06-10,SOUTH,email,361,295.8,33.37446180621795,1.0,33.37446180621795,47.6912973399411,14.31683553372315,2.299893258429422,E
2026-06-10,SOUTH,voice,812,423.0,95.41,0.7536679505413663,126.59421159074917,136.3385784503058,9.74436685955662,1.5653601380813849,E
2026-06-11,NORTH,chat,469,508.8,41.428333333333335,0.6715820850947148,61.6876689429418,64.1691268835588,2.4814579406170054,0.3986277816252218,E
2026-06-11,NORTH,email,268,309.0,24.776608764726898,1.0,24.776608764726898,38.376956629554385,13.600347864827487,2.1847948377232913,E
2026-06-11,NORTH,voice,603,412.8,69.144,0.7234880519491093,95.5703412291647,107.09844573126583,11.52810450210113,1.8519043376869286,E
2026-06-11,SOUTH,chat,572,520.2,51.658750000000005,0.6715820850947148,76.92097681955653,80.015212215377,3.0942353958204762,0.497065927039434,E
2026-06-11,SOUTH,email,327,297.0,30.231160694274983,1.0,30.231160694274983,46.82561499203091,16.594454297755924,2.665775790804165,E
2026-06-11,SOUTH,voice,735,432.0,88.2,0.7234880519491093,121.90940785046173,136.61464354821308,14.705235697751348,2.362286859076522,E
2026-06-12,NORTH,chat,441,517.8,39.6440625,0.6729511887389047,58.91075484136089,63.28267852531987,4.3719236839589755,0.7023170576640925,E
2026-06-12,NORTH,email,252,309.0,23.29740824145962,1.0,23.29740824145962,37.188983753050714,13.891575511591093,2.2315783954363204,E
2026-06-12,NORTH,voice,567,409.2,64.449,0.7120589931061557,90.51075911401594,102.87808794263556,12.36732882861962,1.9867194905413046,E
2026-06-12,SOUTH,chat,573,505.8,50.316562499999996,0.6729511887389047,74.77000314731904,80.31888379720583,5.548880649886783,0.8913864497810093,E
2026-06-12,SOUTH,email,327,292.8,30.231160694274983,1.0,30.231160694274983,48.257133679553895,18.025972985278912,2.895738632173319,E
2026-06-12,SOUTH,voice,737,432.0,88.44,0.7120589931061557,124.20319223019084,141.17423230223415,16.97104007204331,2.7262714975169975,E
2026-06-13,NORTH,chat,241,511.8,21.413854166666663,0.5479323385940597,39.08120156151488,27.646390870893313,-11.434810690621568,-1.8369173800195289,E
2026-06-13,NORTH,email,138,292.8,12.75810451318027,1.0,12.75810451318027,16.471371356032467,3.7132668428521978,0.5965087297754534,E
2026-06-13,NORTH,voice,310,409.8,35.288333333333334,0.6476260530115844,54.488748822311685,45.559059519250034,-8.92968930306165,-1.4344882414556868,E
2026-06-13,SOUTH,chat,272,523.8,24.734999999999996,0.5479323385940597,45.14243503763178,31.93416154183109,-13.208273495800686,-2.1218110033414757,E
2026-06-13,SOUTH,email,155,304.8,14.329755069151751,1.0,14.329755069151751,18.500453334674148,4.170698265522397,0.6699916892405456,E
2026-06-13,SOUTH,voice,350,421.2,40.95,0.6476260530115844,63.23093366854948,52.86856337731893,-10.362370291230555,-1.6646377977880407,E
2026-06-14,NORTH,chat,129,516.0,11.556249999999999,0.4209166666666666,27.45495941397743,15.509526840766885,-11.945432573210546,-1.9189449916804089,E
2026-06-14,NORTH,email,74,292.2,6.841302420111159,1.0,6.841302420111159,9.181643137740831,2.3403407176296724,0.37595834821360197,E
2026-06-14,NORTH,voice,166,415.2,19.145333333333333,0.5540253595594108,34.55678156783054,25.694759217632217,-8.862022350198323,-1.4236180482246301,E
2026-06-14,SOUTH,chat,156,505.8,13.698749999999999,0.4209166666666666,32.54504058602257,18.384954531959362,-14.16008605406321,-2.27471261912662,E
2026-06-14,SOUTH,email,89,294.0,8.228052910674231,1.0,8.228052910674231,11.042787017012621,2.81473410633839,0.45216612150014296,E
2026-06-14,SOUTH,voice,201,430.2,24.0195,0.5540253595594108,43.354513625696725,32.23632925488807,-11.118184370808656,-1.7860537141861292,E
2026-06-15,NORTH,chat,597,528.0,54.725,0.6754623101022806,81.01858413345575,68.11720690891188,-12.901377224543864,-2.0725103975170867,E
2026-06-15,NORTH,email,341,304.8,31.525461152133854,1.0,31.525461152133854,39.24031722610809,7.714856073974236,1.2393343090721665,E
2026-06-15,NORTH,voice,767,409.2,87.18233333333332,0.7405470759355003,117.72692940985519,108.51744245716567,-9.209486952689517,-1.4794356550505248,E
2026-06-15,SOUTH,chat,697,523.8,63.3834375,0.6754623101022806,93.83711948399058,78.89452218886404,-14.942597295126532,-2.400417236164905,E
2026-06-15,SOUTH,email,398,309.0,36.79511301627353,1.0,36.79511301627353,45.79954913780359,9.004436121530055,1.446495762494788,E
2026-06-15,SOUTH,voice,896,427.8,106.47466666666666,0.7405470759355003,143.77839049889155,132.53096208114675,-11.2474284177448,-1.806815810079486,E
2026-06-16,NORTH,chat,546,508.2,48.173125,0.6488998366775148,74.23815244992996,66.78730022625929,-7.450852223670665,-1.1969240519952877,E
2026-06-16,NORTH,email,312,301.8,28.844410203711913,1.0,28.844410203711913,39.989938043767864,11.145527840055951,1.790446239366418,E
2026-06-16,NORTH,voice,702,411.0,80.145,0.7535657806769778,106.35435161081818,111.11316063953815,4.758809028719966,0.7644673138505971,E
2026-06-16,SOUTH,chat,623,525.0,56.783854166666664,0.6488998366775148,87.50788790055847,78.7252293936358,-8.782658506922672,-1.4108688364534414,E
2026-06-16,SOUTH,email,356,304.8,32.912211642696924,1.0,32.912211642696924,45.62954469096589,12.71733304826897,2.0429450679950154,E
2026-06-16,SOUTH,voice,801,424.2,94.3845,0.7535657806769778,125.25051219179325,130.85482700583304,5.604314814039796,0.9002915363919352,E
2026-06-17,NORTH,chat,492,511.2,43.665,0.6664329911678856,65.52046579128623,65.746264308863,0.22579851757677716,0.03627285422920115,E
2026-06-17,NORTH,email,281,300.0,25.978459189881562,1.0,25.978459189881562,39.11569092488181,13.137231735000249,2.1103986722891968,E
2026-06-17,NORTH,voice,633,412.2,72.4785,0.7336134370018583,98.79658188405891,109.1306679883185,10.334086104259598,1.6600941532947147,E
2026-06-17,SOUTH,chat,590,508.8,52.11666666666667,0.6664329911678856,78.20241098108784,78.47191438368435,0.26950340259651284,0.043293719292612505,E
2026-06-17,SOUTH,email,337,301.2,31.155661021317034,1.0,31.155661021317034,46.910988760445456,15.755327739128422,2.530976343635088,E
2026-06-17,SOUTH,voice,758,421.8,88.81233333333334,0.7336134370018583,121.0614866819954,133.72447363380692,12.662986951811519,2.0342147713753445,E
2026-06-18,NORTH,chat,461,504.0,40.3375,0.6750815199298834,59.752042989103906,64.61199359449526,4.859950605391354,0.7807149566893743,E
2026-06-18,NORTH,email,264,292.8,24.406808633910078,1.0,24.406808633910078,39.094454617075165,14.687645983165087,2.3594612021148738,E
2026-06-18,NORTH,voice,593,411.0,67.70083333333334,0.7049454408438955,96.03698302139263,108.44216447909078,12.405181457698149,1.9928002341683775,E
2026-06-18,SOUTH,chat,563,519.0,50.72864583333333,0.6750815199298834,75.14447416454566,81.25637284513793,6.111898680592276,0.9818311133481569,E
2026-06-18,SOUTH,email,322,292.8,29.76891053075396,1.0,29.768910530753956,47.68338782840228,17.914477297648325,2.8778276783370806,E
2026-06-18,SOUTH,voice,724,409.8,82.41533333333334,0.7049454408438955,116.91022958411267,132.01162663579856,15.101397051685893,2.4259272372186174,E
2026-06-19,NORTH,chat,453,516.0,40.581250000000004,0.6700857899118794,60.56127530377372,66.5472049681364,5.985929664362679,0.9615951268052497,E
2026-06-19,NORTH,email,259,295.8,23.944558470389055,1.0,23.944558470389055,39.265509081176816,15.320950610787762,2.4611968852671104,E
2026-06-19,NORTH,voice,583,415.8,67.3365,0.6985134418848775,96.3997196937232,110.42182947388055,14.02210978015735,2.2525477558485707,E
2026-06-19,SOUTH,chat,539,511.8,47.89239583333334,0.6700857899118794,71.47203619947156,78.53639505771642,7.064358858244859,1.1348367643766841,E
2026-06-19,SOUTH,email,308,297.0,28.474610072895093,1.0,28.474610072895096,46.694118907345405,18.21950883445031,2.9268287284257526,E
2026-06-19,SOUTH,voice,693,417.0,80.2725,0.6985134418848775,114.91904834843503,131.63494251174438,16.715894163309358,2.6852842029412622,E
2026-06-20,NORTH,chat,227,535.2,21.092083333333335,0.5477398485961666,38.50748377608718,27.51473863889391,-10.992745137193268,-1.765902833284059,E
2026-06-20,NORTH,email,130,304.8,12.01850425154663,1.0,12.01850425154663,15.678204854668573,3.6597006031219426,0.5879037113448903,E
2026-06-20,NORTH,voice,291,415.2,33.562,0.646234497916994,51.934708079157495,43.78181347023049,-8.152894608927006,-1.3097019452091576,E
2026-06-20,SOUTH,chat,275,526.8,25.151041666666664,0.5477398485961666,45.91785996788016,32.80967209439231,-13.10818787348785,-2.1057329917249556,E
2026-06-20,SOUTH,email,157,298.8,14.514655134560162,1.0,14.51465513456016,18.934447401407432,4.419792266847272,0.7100067898549834,E
2026-06-20,SOUTH,voice,353,424.2,41.59516666666667,0.646234497916994,64.36543824376487,54.26112354040728,-10.104314703357588,-1.6231830848767208,E
2026-06-21,NORTH,chat,144,513.0,12.825,0.47413888888888894,27.049036264573196,15.620833247151959,-11.428203017421238,-1.83585590641305,E
2026-06-21,NORTH,email,82,298.8,7.5809026817447975,1.0,7.5809026817447975,9.233529563697669,1.6526268819528713,0.26548223003258975,E
2026-06-21,NORTH,voice,185,418.2,21.490833333333335,0.546386675815398,39.33264533082102,26.175806927277577,-13.156838403543446,-2.1135483379186257,E
2026-06-21,SOUTH,chat,172,523.2,15.623333333333335,0.47413888888888894,32.9509637354268,19.029199591787197,-13.9217641436396,-2.236427974881863,E
2026-06-21,SOUTH,email,98,298.8,9.060103205012075,1.0,9.060103205012075,11.035193868809406,1.9750906637973316,0.31728364077065563,E
2026-06-21,SOUTH,voice,221,414.0,25.415,0.546386675815398,46.514677470990705,30.955436801276186,-15.55924066971452,-2.499476412805545,E
2026-06-22,NORTH,chat,577,526.8,52.77145833333333,0.6652885100567507,79.32116297759569,68.50780459132186,-10.813358386273833,-1.7370856845419813,E
2026-06-22,NORTH,email,330,292.2,30.5085107923876,1.0,30.5085107923876,39.606089385195574,9.097578592807974,1.4614584084832087,E
2026-06-22,NORTH,voice,742,412.2,84.95899999999999,0.746806921565692,113.76300559973676,110.29360859253836,-3.4693970071983955,-0.5573328525619913,E
2026-06-22,SOUTH,chat,668,529.2,61.3725,0.6652885100567507,92.24945128657757,79.6736601577886,-12.575791128788964,-2.0202074102472234,E
2026-06-22,SOUTH,email,382,298.8,35.31591249300625,1.0,35.31591249300625,45.84704892468094,10.531136431674689,1.691748824365412,E
2026-06-22,SOUTH,voice,859,417.0,99.50083333333333,0.746806921565692,133.23501759293868,129.1717883484747,-4.063229244463969,-0.6527275894721235,E
2026-06-23,NORTH,chat,528,525.0,48.125,0.6483996173703352,74.22120357685725,67.49410830317267,-6.727095273684583,-1.0806578752906961,E
2026-06-23,NORTH,email,301,306.0,27.82745984396566,1.0,27.82745984396566,39.02731612489989,11.199856280934231,1.7991736997484709,E
2026-06-23,NORTH,voice,678,409.8,77.179,0.7559653333402154,102.09330586494802,108.24161630608965,6.148310441141632,0.9876803921512662,E
2026-06-23,SOUTH,chat,630,522.0,57.09374999999999,0.6483996173703352,88.0533369707261,80.07255575967304,-7.980781211053056,-1.2820532065948687,E
2026-06-23,SOUTH,email,360,294.0,33.282011773513744,1.0,33.282011773513744,46.67718872081049,13.395176947296747,2.1518356541842163,E
2026-06-23,SOUTH,voice,810,417.0,93.825,0.7559653333402154,124.11283409708273,131.58721478535432,7.474380688271594,1.2007037250235493,E
2026-06-24,NORTH,chat,538,534.0,49.877083333333324,0.6515979953360185,76.54579002750387,69.81452929192741,-6.7312607355764555,-1.0813270257954146,E
2026-06-24,NORTH,email,308,295.8,28.474610072895093,1.0,28.474610072895093,39.85681130800577,11.382201235110674,1.8284660618651687,E
2026-06-24,NORTH,voice,692,432.0,83.04,0.7538727437321813,110.1512167542969,116.23371145536085,6.0824947010639505,0.9771075825002331,E
2026-06-24,SOUTH,chat,604,511.8,53.66791666666666,0.6515979953360185,82.3635386400951,75.12067847114263,-7.242860168952475,-1.1635116737273055,E
2026-06-24,SOUTH,email,345,301.8,31.89526128295067,1.0,31.895261282950667,44.64480487422724,12.749543591276574,2.0481194524139075,E
2026-06-24,SOUTH,voice,777,421.8,91.03850000000001,0.7538727437321813,120.76109762146022,127.42946459933609,6.668366977875863,1.0712236109037532,E
2026-06-25,NORTH,chat,502,520.8,45.38916666666666,0.661136996386023,68.65319429222343,67.32192187434131,-1.3312724178821185,-0.21385902295295078,E
2026-06-25,NORTH,email,287,301.8,26.533159386106792,1.0,26.533159386106792,39.354396972939824,12.821237586833032,2.0596365601338205,E
2026-06-25,NORTH,voice,646,426.0,76.44333333333333,0.7389585422991184,103.44739110193588,113.38194755314369,9.934556451207811,1.5959126829249497,E
2026-06-25,SOUTH,chat,578,529.8,53.163958333333326,0.661136996386023,80.41292292511807,78.85361446998888,-1.5593084551291838,-0.2504913180930416,E
2026-06-25,SOUTH,email,330,304.8,30.5085107923876,1.0,30.508510792387597,45.25070035216077,14.742189559773173,2.368223222453522,E
2026-06-25,SOUTH,voice,743,421.2,86.931,0.7389585422991184,117.6398877933422,128.93741877742556,11.297530984083366,1.8148644151137938,E
2026-06-26,NORTH,chat,485,508.2,42.79114583333333,0.6746866870407233,63.42372934764979,67.6273809361274,4.203651588477605,0.6752853957393744,E
2026-06-26,NORTH,email,277,301.2,25.608659059064742,1.0,25.608659059064742,40.47207682159593,14.863417762531185,2.3876976325351302,E
2026-06-26,NORTH,voice,623,415.8,71.9565,0.7157211662819845,100.53705743229357,113.7204798227153,13.18342239042174,2.1178188578990746,E
2026-06-26,SOUTH,chat,541,511.8,48.07010416666666,0.6746866870407233,71.24804014958309,75.97027802854834,4.722237878965245,0.7585924303558628,E
2026-06-26,SOUTH,email,309,295.8,28.567060105599296,1.0,28.567060105599296,45.14755140026405,16.580491294664753,2.663532738098756,E
2026-06-26,SOUTH,voice,696,426.0,82.36,0.7157211662819845,115.07274603578131,130.162232990749,15.089486954967697,2.4240139686695095,E
2026-06-27,NORTH,chat,250,511.8,22.213541666666664,0.5458502561748608,40.69530318137407,27.603831576444314,-13.091471604929758,-2.103047647378274,E
2026-06-27,NORTH,email,143,295.8,13.220354676701293,1.0,13.220354676701293,16.42837730932988,3.2080226326285857,0.5153450012254756,E
2026-06-27,NORTH,voice,322,424.8,37.996,0.6543355506739056,58.06806608760231,47.21602706660892,-10.852039020993388,-1.7432994411234357,E
2026-06-27,SOUTH,chat,276,520.8,24.955,0.5458502561748608,45.71766655360105,31.010526251374497,-14.707140302226552,-2.3625928196347874,E
2026-06-27,SOUTH,email,158,295.2,14.607105167264367,1.0,14.607105167264367,18.151633670448398,3.544528503184031,0.5694021691861897,E
2026-06-27,SOUTH,voice,355,429.0,42.30416666666667,0.6543355506739056,64.6520987941084,52.56960412579399,-12.08249466831441,-1.9409629989260095,E
2026-06-28,NORTH,chat,139,514.2,12.408645833333333,0.4686927083333333,26.475013612774895,15.133922151933746,-11.341091460841149,-1.821862082062835,E
2026-06-28,NORTH,email,80,307.2,7.3960026163363874,1.0,7.3960026163363874,9.020366068508004,1.6243634521716164,0.2609419200275689,E
2026-06-28,NORTH,voice,179,423.0,21.0325,0.5455927237003316,38.54981763201109,25.651809386442977,-12.898008245568114,-2.071969196075199,E
2026-06-28,SOUTH,chat,172,526.2,15.712916666666667,0.4686927083333333,33.524986387225105,19.163900783948478,-14.361085603276628,-2.307001703337611,E
2026-06-28,SOUTH,email,98,307.8,9.060103205012075,1.0,9.060103205012075,11.049948433922303,1.9898452289102284,0.3196538520337716,E
2026-06-28,SOUTH,voice,221,427.8,26.26216666666667,0.5455927237003316,48.13511164252851,32.0300531752445,-16.10505846728401,-2.5871579867122905,E
2026-06-29,NORTH,chat,609,526.8,55.69812499999999,0.6840776547426385,81.42076358414975,67.127153078671,-14.293610505478753,-2.29616233019739,E
2026-06-29,NORTH,email,348,292.8,32.172611381063284,1.0,32.172611381063284,38.77430001669227,6.601688635628989,1.0605122306231307,E
2026-06-29,NORTH,voice,783,427.2,92.916,0.7396760049530796,125.61716126764718,111.98198423120698,-13.635177036440197,-2.1903898853719195,E
2026-06-29,SOUTH,chat,711,532.8,65.7675,0.6840776547426385,96.14040093846192,79.26272275954524,-16.877678178916682,-2.7112736030388245,E
2026-06-29,SOUTH,email,406,294.0,37.534713277907166,1.0,37.534713277907166,45.23668335280765,7.701970074900487,1.2372642690603193,E
2026-06-29,SOUTH,voice,914,427.2,108.46133333333333,0.7396760049530796,146.63357011319223,130.71715656107685,-15.916413552115387,-2.5568535826691385,E
2026-06-30,NORTH,chat,565,520.8,51.08541666666666,0.6499814305694512,78.5951940533294,68.7874585123369,-9.807735540992496,-1.5755398459425698,E
2026-06-30,NORTH,email,323,309.0,29.861360563458167,1.0,29.861360563458167,40.20887436983769,10.34751380637952,1.6622512138762282,E
2026-06-30,NORTH,voice,726,430.8,86.878,0.7498233497256765,115.86462335666711,116.98283405671495,1.1182107000478396,0.1796322409715405,E
2026-06-30,SOUTH,chat,630,522.0,57.09374999999999,0.6499814305694512,87.83904787861393,76.87779048695376,-10.961257391660169,-1.7608445609092642,E
2026-06-30,SOUTH,email,360,295.8,33.282011773513744,1.0,33.282011773513744,44.814844498890295,11.53283272537655,1.8526638916267553,E
2026-06-30,SOUTH,voice,810,414.0,93.15,0.7498233497256765,124.22926017718575,125.42819807526645,1.1989378980807004,0.1926004655551326,E
2026-07-01,NORTH,chat,536,514.2,47.84916666666666,0.6566798094674532,72.86529291264618,68.89512927995166,-3.970163632694522,-0.6377772903926944,E
2026-07-01,NORTH,email,306,295.2,28.289710007486683,1.0,28.289710007486683,40.73264727546222,12.442937267975537,1.9988654245743835,E
2026-07-01,NORTH,voice,689,414.0,79.235,0.7502738664001255,105.60810331856008,114.08569780379952,8.477594485239436,1.3618625679099496,E
2026-07-01,SOUTH,chat,599,510.0,53.03645833333333,0.6566798094674532,80.76456374735237,76.36399770304122,-4.400566044311148,-0.7069182400499837,E
2026-07-01,SOUTH,email,342,300.0,31.617911184838057,1.0,31.617911184838057,45.5247234255166,13.90681224067854,2.234026062759605,E
2026-07-01,SOUTH,voice,770,414.0,88.55,0.7502738664001255,118.02356974643146,127.4978045122288,9.474234765797334,1.5219654242244713,E
2026-07-02,NORTH,chat,488,520.2,44.0725,0.6593347737011028,66.84388835220065,65.00600702291469,-1.8378813292859633,-0.2952419806081869,E
2026-07-02,NORTH,email,279,295.2,25.793559124473152,1.0,25.793559124473152,38.044955144170785,12.251396019697633,1.9680957461361661,E
2026-07-02,NORTH,voice,627,430.2,74.92649999999999,0.7392112386618639,101.36006608291501,110.51500562033961,9.154939537424596,1.4706730180601761,E
2026-07-02,SOUTH,chat,606,526.8,55.42375,0.6593347737011028,84.0601045336725,81.74886112056879,-2.3112434131037105,-0.3712840824262989,E
2026-07-02,SOUTH,email,346,307.8,31.987711315654877,1.0,31.98771131565488,47.181198852627574,15.193487536972693,2.4407208894735253,E
2026-07-02,SOUTH,voice,779,409.2,88.54633333333334,0.7392112386618639,119.7848851616783,130.60397223937858,10.819087077700274,1.7380059562570722,E
2026-07-03,NORTH,chat,472,511.8,41.939166666666665,0.6709554673553589,62.506632268717134,65.91888498468916,3.4122527159720235,0.5481530467424938,E
2026-07-03,NORTH,email,270,298.2,24.96150883013531,1.0,24.96150883013531,39.23384655436625,14.272337724230944,2.292745015940714,E
2026-07-03,NORTH,voice,607,411.0,69.29916666666666,0.7131501625100921,97.1733167987408,108.92261721226708,11.749300413526285,1.8874378174339415,E
2026-07-03,SOUTH,chat,554,535.2,51.47583333333334,0.6709554673553589,76.72019357146118,80.90836816001817,4.18817458855699,0.672799130691886,E
2026-07-03,SOUTH,email,317,304.8,29.306660367232936,1.0,29.306660367232936,46.06344206568187,16.756781698448933,2.6918524816785436,E
2026-07-03,SOUTH,voice,713,424.2,84.01516666666666,0.7131501625100921,117.80852208033778,132.05284102297747,14.244318942639694,2.2882440068497503,E
2026-07-04,NORTH,chat,245,520.2,22.126562500000002,0.543939394140528,40.6783600128134,27.39072818487883,-13.287631827934568,-2.1345593297886856,E
2026-07-04,NORTH,email,140,304.2,12.94300457858868,1.0,12.94300457858868,16.02229538852972,3.0792908099410408,0.49466519035197437,E
2026-07-04,NORTH,voice,315,417.0,36.4875,0.6527888174198582,55.89479939962285,45.16829917190102,-10.726500227721829,-1.7231325667023016,E
2026-07-04,SOUTH,chat,291,514.2,25.9778125,0.543939394140528,47.75865248930393,32.15823519922028,-15.600417290083648,-2.506091130937132,E
2026-07-04,SOUTH,email,166,307.2,15.346705428898005,1.0,15.346705428898007,18.997864532113812,3.6511591032158055,0.5865315828459124,E
2026-07-04,SOUTH,voice,374,414.0,43.01,0.6527888174198582,65.88654531491001,53.2425775233563,-12.643967791553706,-2.0311594845869405,E
2026-07-05,NORTH,chat,151,511.2,13.40125,0.4870277777777777,27.516397650145443,15.887340223715873,-11.62905742642957,-1.8681216749284448,E
2026-07-05,NORTH,email,86,300.0,7.950702812561617,1.0,7.950702812561617,9.425652129526805,1.474949316965188,0.23693964931167677,E
2026-07-05,NORTH,voice,194,423.0,22.795,0.5435733015611098,41.93546654063791,27.02374184494755,-14.91172469569036,-2.3954577824402183,E
2026-07-05,SOUTH,chat,172,529.8,15.820416666666665,0.4870277777777777,32.483602349854564,18.755290891840563,-13.728311458014002,-2.2053512382351808,E
2026-07-05,SOUTH,email,98,295.8,9.060103205012075,1.0,9.060103205012075,10.740859403414266,1.6807561984021913,0.2700009957272596,E
2026-07-05,SOUTH,voice,221,415.2,25.488666666666667,0.5435733015611098,46.89094661835809,30.21711550655494,-16.673831111803153,-2.678527086233438,E
2026-07-06,NORTH,chat,640,505.2,56.13333333333333,0.687240009364111,81.67937338990544,66.34272381978211,-15.336649570123328,-2.4637188064455144,E
2026-07-06,NORTH,email,365,295.8,33.651811904330565,1.0,33.651811904330565,39.772319415752825,6.120507511422261,0.983214058059801,E
2026-07-06,NORTH,voice,822,427.8,97.68100000000001,0.7451035886007262,131.09720781702435,115.44697634394545,-15.650231473078904,-2.5140934093299445,E
2026-07-06,SOUTH,chat,718,534.0,66.56458333333333,0.687240009364111,96.85784067624957,78.67118352011053,-18.186657156139034,-2.9215513503837807,E
2026-07-06,SOUTH,email,410,301.8,37.81206337601978,1.0,37.81206337601978,44.689227035832154,6.877163659812375,1.1047652465562048,E
2026-07-06,SOUTH,voice,923,423.0,108.4525,0.7451035886007262,145.55358699005774,128.17756986457695,-17.376017125480786,-2.79132805228607,E
2026-07-07,NORTH,chat,578,529.2,53.103750000000005,0.6633742563420961,80.0509659401297,67.59551962701495,-12.455446313114749,-2.000874909737309,E
2026-07-07,NORTH,email,330,295.2,30.5085107923876,1.0,30.5085107923876,38.834143352547294,8.325632560159693,1.3374510136802722,E
2026-07-07,NORTH,voice,743,429.0,88.54083333333334,0.7419349890842126,119.33772451225319,112.7032203446196,-6.634504167633594,-1.065783802029493,E
2026-07-07,SOUTH,chat,685,507.0,60.29427083333333,0.6633742563420961,90.89027838644392,76.74830059103431,-14.141977795409616,-2.2718036619131916,E
2026-07-07,SOUTH,email,391,306.0,36.14796278734409,1.0,36.14796278734409,46.012575911654515,9.864613124310424,1.5846768071181405,E
2026-07-07,SOUTH,voice,881,421.2,103.077,0.7419349890842126,138.9299622157331,131.20624017312937,-7.723722042603725,-1.2407585610608396,E
2026-07-08,NORTH,chat,563,517.2,50.552708333333335,0.646460844568135,78.19918059709374,68.64516225036493,-9.55401834672881,-1.534782063731536,E
2026-07-08,NORTH,email,322,306.0,29.76891053075396,1.0,29.76891053075396,40.42299138407921,10.654080853325251,1.7114989322610845,E
2026-07-08,NORTH,voice,724,421.2,84.708,0.7501874855006962,112.91577323962355,115.02438930793676,2.1086160683132107,0.3387335049499134,E
2026-07-08,SOUTH,chat,623,514.8,55.680624999999985,0.646460844568135,86.1314733411227,75.60832373458508,-10.523149606537615,-1.6904658002470065,E
2026-07-08,SOUTH,email,356,298.2,32.912211642696924,1.0,32.912211642696924,44.69125755506894,11.779045912372013,1.8922162108228133,E
2026-07-08,SOUTH,voice,801,426.0,94.785,0.7501874855006962,126.34841533878404,128.70787576796508,2.3594604291810413,0.3790297878202476,E
2026-07-09,NORTH,chat,530,531.0,48.85937499999999,0.6515856540717745,74.9853448962183,68.91760276631251,-6.067742129905781,-0.9747376915511295,E
2026-07-09,NORTH,email,303,295.2,28.01235990937407,1.0,28.01235990937407,39.51226745698692,11.49990754761285,1.8473747064438313,E
2026-07-09,NORTH,voice,681,426.0,80.585,0.7551348542097108,106.71603826886857,113.66754116120589,6.9515028923373166,1.1167072919417376,E
2026-07-09,SOUTH,chat,598,526.8,54.69208333333332,0.6515856540717745,83.93690528875393,77.14481148456622,-6.792093804187715,-1.0910994062952153,E
2026-07-09,SOUTH,email,342,304.2,31.617911184838057,1.0,31.617911184838057,44.59800485244068,12.980093667602624,2.085155609253434,E
2026-07-09,SOUTH,voice,769,429.0,91.63916666666667,0.7551348542097108,121.35470393903614,129.25977227848782,7.905068339451674,1.2698904962974578,E
2026-07-10,NORTH,chat,543,525.0,49.4921875,0.6606885307676084,74.91001462141085,73.18765713815485,-1.7223574832560047,-0.27668393305317346,E
2026-07-10,NORTH,email,310,298.2,28.659510138303503,1.0,28.659510138303503,42.380878835667346,13.721368697363843,2.204235935319493,E
2026-07-10,NORTH,voice,698,418.2,81.08433333333333,0.7391552264393263,109.69865385912841,119.90523529144598,10.206581432317563,1.6396114750710946,E
2026-07-10,SOUTH,chat,549,517.2,49.29562500000001,0.6606885307676084,74.61250302427202,72.89698603261485,-1.715516991657168,-0.2755850589007499,E
2026-07-10,SOUTH,email,314,291.0,29.029310269120323,1.0,29.029310269120323,42.92772888515982,13.8984186160395,2.2326776893236144,E
2026-07-10,SOUTH,voice,706,420.0,82.36666666666666,0.7391552264393263,111.43351723757006,121.80151381695724,10.367996579387182,1.6655416191786638,E
2026-07-11,NORTH,chat,252,516.0,22.574999999999996,0.5441184842822142,41.489125350667514,27.795022220852978,-13.694103129814536,-2.1998559244681983,E
2026-07-11,NORTH,email,144,292.8,13.312804709405498,1.0,13.312804709405498,16.391127473745385,3.0783227643398874,0.49450968101845577,E
2026-07-11,NORTH,voice,324,415.8,37.422000000000004,0.6545879867905338,57.16878518269376,46.07509730005583,-11.09368788263793,-1.7821185353635227,E
2026-07-11,SOUTH,chat,284,516.0,25.441666666666663,0.5441184842822142,46.75758571265704,31.3245488520724,-15.43303686058464,-2.479202708527653,E
2026-07-11,SOUTH,email,162,300.0,14.976905298081185,1.0,14.976905298081185,18.440018407963557,3.4631131098823715,0.5563233911457625,E
2026-07-11,SOUTH,voice,365,424.2,43.009166666666665,0.6545879867905338,65.70417962838275,52.95418574530983,-12.749993883072918,-2.0481917884454486,E
2026-07-12,NORTH,chat,157,508.2,13.851979166666665,0.48024131944444437,28.843788749145936,16.25489651135793,-12.588892237788006,-2.0223120060703623,E
2026-07-12,NORTH,email,90,307.2,8.228052910674231,1.0,8.228052910674231,9.655381873142943,1.427328962468712,0.22928979316766457,E
2026-07-12,NORTH,voice,202,430.8,24.172666666666668,0.5425808950622883,44.551267629671415,28.365924489386252,-16.185343140285163,-2.600055122937375,E
2026-07-12,SOUTH,chat,168,513.0,14.9625,0.48024131944444437,31.156211250854067,17.558060557617768,-13.598150693236299,-2.184441878431534,E
2026-07-12,SOUTH,email,96,301.2,8.78275310689946,1.0,8.78275310689946,10.306306493804264,1.5235533869048048,0.24474753203290034,E
2026-07-12,SOUTH,voice,216,424.8,25.488,0.5425808950622883,46.97548371487348,29.90943007469084,-17.066053640182638,-2.74153472131448,E
2026-07-13,NORTH,chat,658,514.2,58.740208333333335,0.6916266737206928,84.93051318760305,63.435023852882786,-21.49548933472027,-3.453090656179963,E
2026-07-13,NORTH,email,376,292.2,31.155661021317034,1.0,31.155661021317034,33.645779545491514,2.4901185241744805,0.400019040028029,E
2026-07-13,NORTH,voice,846,589.8,138.603,0.7804964575487832,177.58312502185433,149.68085508290156,-27.90226993895277,-4.482292359671128,E
2026-07-13,SOUTH,chat,718,526.8,65.66708333333332,0.6916266737206928,94.94585132188293,70.91552985240929,-24.030321469473634,-3.8602926055379334,E
2026-07-13,SOUTH,email,410,309.0,33.92916200244318,1.0,33.92916200244318,36.64095279879936,2.7117907963561834,0.4356290435913548,E
2026-07-13,SOUTH,voice,923,429.0,109.99083333333333,0.7804964575487832,140.92419288970135,118.78185886751547,-22.142334022185878,-3.5570014493471294,E
2026-07-14,NORTH,chat,634,519.0,57.126041666666666,0.6823601459985169,83.71831503006746,63.393417294678954,-20.324897735388504,-3.265043812913816,E
2026-07-14,NORTH,email,362,301.8,30.87831092320442,1.0,30.87831092320442,34.26601235792855,3.387701434724132,0.5442090658191377,E
2026-07-14,NORTH,voice,815,595.2,134.74666666666667,0.7777871295968141,173.2436312446004,149.5299064988663,-23.713724745734112,-3.8094336940938334,E
2026-07-14,SOUTH,chat,705,520.2,63.67031250000001,0.6823601459985169,93.30895550300558,70.65566897050218,-22.6532865325034,-3.6390821738961288,E
2026-07-14,SOUTH,email,403,300.0,34.391412165964205,1.0,34.3914121659642,38.164540710028206,3.773128544064008,0.6061250673195194,E
2026-07-14,SOUTH,voice,907,418.8,105.51433333333334,0.7777871295968141,135.65965457416274,117.09045416799584,-18.5692004061669,-2.983004081311952,E
2026-07-15,NORTH,chat,587,514.8,52.46312499999999,0.6617233094154509,79.28257060544617,62.379559455219294,-16.903011150226874,-2.715343156662952,E
2026-07-15,NORTH,email,336,298.2,31.063210988612827,1.0,31.063210988612827,36.93469301979621,5.87148203118338,0.9432099648487358,E
2026-07-15,NORTH,voice,755,571.8,119.91916666666665,0.7598265535292161,157.82439572514315,142.5859551237881,-15.238440601355052,-2.44794226527792,E
2026-07-15,SOUTH,chat,663,523.8,60.2915625,0.6617233094154509,91.11294953967995,71.68770651036935,-19.425243029310593,-3.120520968563951,E
2026-07-15,SOUTH,email,379,304.8,35.03856239489364,1.0,35.03856239489364,41.66145432887727,6.622891933983631,1.063918382969258,E
2026-07-15,SOUTH,voice,852,418.8,99.11600000000001,0.7598265535292161,130.44555963414209,117.85063156194981,-12.594928072192275,-2.0232816180228554,E
2026-07-16,NORTH,chat,566,525.0,51.588541666666664,0.6497231184341782,79.40080967257896,65.63151755138358,-13.769292121195377,-2.2119344773004626,E
2026-07-16,NORTH,email,323,300.0,29.861360563458167,1.0,29.861360563458167,37.98995564930129,8.12859508584312,1.3057984073643567,E
2026-07-16,NORTH,voice,728,574.8,116.23733333333332,0.7451157610559054,155.9990264715554,147.87843068109,-8.120595790465387,-1.3045133799944397,E
2026-07-16,SOUTH,chat,593,514.2,52.93760416666667,0.6497231184341782,81.47717491451651,67.347809896276,-14.129365018240506,-2.2697775129703626,E
2026-07-16,SOUTH,email,339,297.0,31.340561086725444,1.0,31.340561086725444,39.87181103750197,8.531249950776527,1.3704819198034581,E
2026-07-16,SOUTH,voice,763,424.2,89.90683333333332,0.7451157610559054,120.66156432649622,114.38047518444715,-6.281089142049069,-1.0090103039436256,E
2026-07-17,NORTH,chat,552,532.2,51.002500000000005,0.6488287748817874,78.60702541944498,65.14281052475306,-13.46421489469192,-2.1629260875007104,E
2026-07-17,NORTH,email,316,304.2,29.214210334528733,1.0,29.214210334528733,37.31377419641171,8.099563861882974,1.301134756928992,E
2026-07-17,NORTH,voice,710,580.8,114.54666666666665,0.7439633719007352,153.96815353155623,146.3044321927104,-7.663721338845818,-1.2311198937904928,E
2026-07-17,SOUTH,chat,589,528.0,53.99166666666667,0.6488287748817874,83.21404468614021,68.96071587828621,-14.253328807854004,-2.2896913747556633,E
2026-07-17,SOUTH,email,336,303.0,31.063210988612827,1.0,31.06321098861283,39.67540547466561,8.612194486052779,1.3834850580004465,E
2026-07-17,SOUTH,voice,757,430.8,90.58766666666668,0.7439633719007352,121.76361107029543,115.702861733173,-6.060749337122431,-0.9736143513449689,E
2026-07-18,NORTH,chat,293,519.0,26.40052083333333,0.5430229626815174,48.61768773637887,27.167363803193314,-21.450323933185555,-3.445835169989647,E
2026-07-18,NORTH,email,167,292.8,13.127904643997088,1.0,13.127904643997088,13.509224446314425,0.3813198023173374,0.06125619314334737,E
2026-07-18,NORTH,voice,376,598.8,62.54133333333333,0.6492834136305173,96.32362697150806,64.35794074403951,-31.965686227468552,-5.13504999638049,E
2026-07-18,SOUTH,chat,299,514.2,26.69197916666667,0.5430229626815174,49.154420717050776,27.46728798367167,-21.687132733379105,-3.483876744317928,E
2026-07-18,SOUTH,email,171,294.0,13.405254742109703,1.0,13.405254742109703,13.794630596588673,0.3893758544789705,0.06255033806891092,E
2026-07-18,SOUTH,voice,385,424.2,45.365833333333335,0.6492834136305173,69.87061794735652,46.683552426192385,-23.187065521164136,-3.724829802596648,E
2026-07-19,NORTH,chat,166,507.0,14.611458333333333,0.5067925639620416,28.831240575241985,15.03187496919325,-13.799365606048735,-2.2167655592046156,E
2026-07-19,NORTH,email,95,303.0,7.3960026163363874,1.0,7.3960026163363874,7.608808379309257,0.21280576297286924,0.034185664734597464,E
2026-07-19,NORTH,voice,214,580.8,34.525333333333336,0.5943587301587302,58.08837589398739,35.51873345540253,-22.569642438584857,-3.6256453716602177,E
2026-07-19,SOUTH,chat,181,520.8,16.365416666666665,0.5067925639620416,32.29214047405088,16.836300083125494,-15.455840390925388,-2.482865926253074,E
2026-07-19,SOUTH,email,104,295.8,8.135602877970026,1.0,8.135602877970026,8.369689217240182,0.23408633927015643,0.037604231208057254,E
2026-07-19,SOUTH,voice,233,430.8,27.882333333333335,0.5943587301587302,46.91162410601262,28.68459389572928,-18.22703021028334,-2.9280369815716205,E
2026-07-20,NORTH,chat,713,525.0,64.98697916666667,0.6926900974700191,93.81825928221737,66.30811418205833,-27.510145100159036,-4.419300417696231,E
2026-07-20,NORTH,email,407,292.8,31.525461152133854,1.0,31.525461152133854,32.16634939064758,0.6408882385137282,0.10295393389778768,E
2026-07-20,NORTH,voice,917,579.0,147.48416666666665,0.7853946745133709,187.78350739142402,150.4824056877402,-37.30110170368383,-5.992144851997402,E
2026-07-20,SOUTH,chat,761,528.0,69.75833333333333,0.6926900974700191,100.70641054075787,71.17646628802373,-29.52994425273414,-4.743766145017533,E
2026-07-20,SOUTH,email,435,303.0,33.74426193703477,1.0,33.74426193703477,34.43025667913891,0.6859947421041355,0.11019995857094546,E
2026-07-20,SOUTH,voice,979,427.2,116.17466666666667,0.7853946745133709,147.9188367792897,118.53640777239131,-29.38242900689839,-4.720068916770826,E
2026-07-21,NORTH,chat,649,526.2,59.288854166666674,0.6920891943390417,85.66649306421935,63.910462191229264,-21.756030872990088,-3.494944718552625,E
2026-07-21,NORTH,email,371,301.8,30.69341085779601,1.0,30.69341085779601,33.08598389560215,2.3925730378061374,0.38434908237849597,E
2026-07-21,NORTH,voice,835,604.8,140.27999999999997,0.7804295331329046,179.74717004476912,151.21492500062746,-28.53224504414166,-4.583493179781793,E
2026-07-21,SOUTH,chat,728,523.2,66.12666666666667,0.6920891943390417,95.54645153767916,71.28128700129379,-24.26516453638537,-3.8980183994193367,E
2026-07-21,SOUTH,email,416,295.2,34.391412165964205,1.0,34.391412165964205,37.07224701555421,2.6808348495900063,0.43065620073735045,E
2026-07-21,SOUTH,voice,936,415.8,108.10799999999999,0.7804295331329046,138.52371727402266,116.53509489569315,-21.98862237832951,-3.5323088157959055,E
2026-07-22,NORTH,chat,633,526.8,57.89312499999999,0.6739901979382528,85.89609341069948,65.6420454530023,-20.254047957697182,-3.253662322521636,E
2026-07-22,NORTH,email,362,303.0,31.710361217542264,1.0,31.710361217542264,35.95475235398038,4.244391136438118,0.6818299014358423,E
2026-07-22,NORTH,voice,814,574.2,129.83300000000003,0.775746449715716,167.36525194228,147.21098035906076,-20.15427158321924,-3.2376339892721675,E
2026-07-22,SOUTH,chat,680,505.2,59.64166666666666,0.6739901979382528,88.49040660993515,67.62462717682186,-20.86577943311329,-3.3519324390543437,E
2026-07-22,SOUTH,email,388,298.8,34.021612035147385,1.0,34.021612035147385,38.57536112613639,4.553749090989008,0.7315259583918086,E
2026-07-22,SOUTH,voice,874,429.0,104.15166666666667,0.775746449715716,134.25993339039402,118.09223353099834,-16.167699859395682,-2.5972208609470977,E
2026-07-23,NORTH,chat,596,529.2,54.7575,0.6535776399289329,83.78117098062607,65.45591869078031,-18.325252289845764,-2.943815628890886,E
2026-07-23,NORTH,email,341,307.8,31.525461152133854,1.0,31.525461152133854,37.68484722391319,6.159386071779334,0.9894596099243911,E
2026-07-23,NORTH,voice,767,604.8,128.856,0.7632481546022498,168.82582581172505,154.0316460543156,-14.794179757409466,-2.3765750614312395,E
2026-07-23,SOUTH,chat,617,511.8,54.82302083333334,0.6535776399289329,83.88142048325666,65.53424086288857,-18.347179620368095,-2.947338091625397,E
2026-07-23,SOUTH,email,353,304.8,32.63486154458431,1.0,32.63486154458431,39.01100020539987,6.376138660815556,1.024279302942258,E
2026-07-23,SOUTH,voice,793,423.0,93.1775,0.7632481546022498,122.08021655624891,111.38234696270248,-10.697869593546429,-1.718533268039587,E
2026-07-24,NORTH,chat,564,517.8,50.70124999999999,0.6466578840767406,78.40505968992893,63.14592429013679,-15.259135399792143,-2.4512667308903042,E
2026-07-24,NORTH,email,322,292.8,29.76891053075396,1.0,29.76891053075396,37.07572043243206,7.306809901678097,1.1737847231611402,E
2026-07-24,NORTH,voice,725,589.8,118.77916666666665,0.7502770722465065,158.31373643208076,147.93363606575525,-10.380100366325507,-1.6674860026225715,E
2026-07-24,SOUTH,chat,615,526.2,56.1828125,0.6466578840767406,86.88181785677051,69.97294197937825,-16.908875877392262,-2.7162852815087972,E
2026-07-24,SOUTH,email,352,301.2,32.542411511880104,1.0,32.542411511880104,40.529980100049954,7.98756858816985,1.2831435483003777,E
2026-07-24,SOUTH,voice,791,418.2,91.88783333333333,0.7502770722465065,122.47186637091211,114.44179713224774,-8.030069238664368,-1.2899709620344366,E
2026-07-25,NORTH,chat,295,511.8,26.211979166666666,0.5431843959389765,48.25613431209726,26.677083282842062,-21.579051029255197,-3.4665142215670994,E
2026-07-25,NORTH,email,169,298.8,13.035454611292883,1.0,13.035454611292883,13.266755100179273,0.2313004888863901,0.037156705041990375,E
2026-07-25,NORTH,voice,380,577.2,60.92666666666668,0.6502256509567866,93.70080460070284,62.00774655274979,-31.693058047953045,-5.091254304892055,E
2026-07-25,SOUTH,chat,317,511.2,28.133749999999996,0.5431843959389765,51.794105667130864,28.63295392677138,-23.161151740359486,-3.7206669462424875,E
2026-07-25,SOUTH,email,181,304.8,13.959954938334931,1.0,13.959954938334931,14.207659717213264,0.2477047788783331,0.03979193234993302,E
2026-07-25,SOUTH,voice,407,418.8,47.34766666666667,0.6502256509567866,72.81728519475672,48.18780142024422,-24.6294837745125,-3.9565435782349394,E
2026-07-26,NORTH,chat,181,510.0,16.026041666666664,0.49658802750969633,32.27230778606265,15.794668845589817,-16.47763894047283,-2.6470102715619,E
2026-07-26,NORTH,email,104,303.0,7.765802747153207,1.0,7.765802747153207,7.653685499057414,-0.11211724809579238,-0.018010802906954598,E
2026-07-26,NORTH,voice,233,591.0,38.25083333333333,0.6246428571428573,61.23632551934437,37.69859445857228,-23.53773106077209,-3.781161616188287,E
2026-07-26,SOUTH,chat,183,520.8,16.546249999999997,0.49658802750969633,33.31987297997618,16.30736677353831,-17.012506206437873,-2.7329327239257624,E
2026-07-26,SOUTH,email,105,298.8,7.765802747153207,1.0,7.765802747153207,7.653685499057414,-0.11211724809579238,-0.018010802906954598,E
2026-07-26,SOUTH,voice,236,417.0,27.336666666666666,0.6246428571428573,43.7636744806556,26.94199892418477,-16.821675556470833,-2.7022771978266396,E
2026-07-27,NORTH,chat,797,511.8,70.81677083333334,0.6932136586264314,102.15720644289276,48.58492193974103,-53.57228450315173,-12.755305834083744,E
2026-07-27,NORTH,email,455,295.8,22.465357947121777,1.0,22.46535794712178,15.412700259632507,-7.052657687489274,-1.67920421130697,E
2026-07-27,NORTH,voice,1025,571.8,162.80416666666667,0.7915969399612691,205.66548258086027,111.69427292272759,-93.97120965813268,-22.374097537650638,E
2026-07-27,SOUTH,chat,779,532.8,72.05749999999999,0.6932136586264314,103.94702860122284,49.43614304176967,-54.51088555945317,-12.97878227606028,E
2026-07-27,SOUTH,email,445,298.8,22.003107783600754,1.0,22.003107783600754,15.095566509434308,-6.907541274166446,-1.6446526843253442,E
2026-07-27,SOUTH,voice,1001,414.0,115.115,0.7915969399612691,145.42122914930962,78.97639532669488,-66.44483382261474,-15.820198529193984,E
2026-07-28,NORTH,chat,723,525.0,65.8984375,0.6923313106799602,95.18338472266852,48.91795908838789,-46.26542563428063,-11.015577531971578,E
2026-07-28,NORTH,email,413,301.8,22.372907914417574,1.0,22.372907914417574,16.607935416461864,-5.764972497955711,-1.3726124995132645,E
2026-07-28,NORTH,voice,930,592.2,152.985,0.7833515560908038,195.2954568233046,113.56436138773431,-81.73109543557028,-19.459784627516733,E
2026-07-28,SOUTH,chat,681,535.2,63.27625,0.6923313106799602,91.39590976732572,46.97144767304391,-44.42446209428181,-10.577252879590906,E
2026-07-28,SOUTH,email,389,294.0,21.078607456558704,1.0,21.078607456558704,15.647145764269853,-5.431461692288851,-1.2932051648306786,E
2026-07-28,SOUTH,voice,876,429.0,104.39,0.7833515560908038,133.26072973026612,77.49115067010219,-55.769579060163935,-13.278471204800937,E
2026-07-29,NORTH,chat,691,511.2,61.326249999999995,0.6905004691543138,88.81420468129288,66.21411239213421,-22.600092289158667,-3.630536913921071,E
2026-07-29,NORTH,email,395,300.0,32.72731157728852,1.0,32.72731157728852,35.33576383801353,2.6084522607250094,0.41902847561847545,E
2026-07-29,NORTH,voice,888,571.2,140.89600000000002,0.7803378439736605,180.5576918870486,152.12577941097234,-28.431912476076263,-4.5673754981648615,E
2026-07-29,SOUTH,chat,705,511.8,62.6421875,0.6905004691543138,90.71997818730033,67.63493354989332,-23.08504463740701,-3.708440905607552,E
2026-07-29,SOUTH,email,403,297.0,33.37446180621795,1.0,33.37446180621795,36.03449363142058,2.66003182520263,0.42731434943014135,E
2026-07-29,SOUTH,voice,906,426.0,107.21,0.7803378439736605,137.38921010681977,115.75491717756603,-21.634292929253746,-3.47538842237008,E
2026-07-30,NORTH,chat,625,529.2,57.421875,0.6707463117732851,85.60893141281828,65.15992187904472,-20.449009533773562,-3.2849814512086044,E
2026-07-30,NORTH,email,357,295.8,31.433011119429647,1.0,31.433011119429647,35.66885527449565,4.235844155066001,0.6804568923800806,E
2026-07-30,NORTH,voice,803,603.0,134.5025,0.7763192902017506,173.2566763413097,152.62776411491632,-20.628912226393396,-3.3138814821515497,E
2026-07-30,SOUTH,chat,667,508.2,58.84885416666666,0.6707463117732851,87.73638130202318,66.77919765196268,-20.9571836500605,-3.3666158473992773,E
2026-07-30,SOUTH,email,381,298.2,33.46691183892215,1.0,33.46691183892215,37.97684002755124,4.50992818862909,0.7244864560046731,E
2026-07-30,SOUTH,voice,858,424.8,101.244,0.7763192902017506,130.41541190312122,114.88742105202942,-15.5279908510918,-2.494456361621173,E
2026-07-31,NORTH,chat,608,514.2,54.27666666666667,0.6511450594508773,83.35572216802073,65.29661585870979,-18.05910630931095,-2.901061254507783,E
2026-07-31,NORTH,email,347,294.0,32.080161348359084,1.0,32.080161348359084,38.593489631810456,6.513328283451372,1.0463177965383732,E
2026-07-31,NORTH,voice,782,583.2,126.68400000000001,0.7607176152872575,166.53222885099404,152.4050202685891,-14.127208582404933,-2.2694310975750898,E
2026-07-31,SOUTH,chat,619,505.8,54.355937499999996,0.6511450594508773,83.47746283422525,65.39198127944856,-18.085481554776692,-2.9052982417311957,E
2026-07-31,SOUTH,email,354,297.0,32.72731157728852,1.0,32.72731157728852,39.372032650319596,6.644721073031079,1.0674250719728642,E
2026-07-31,SOUTH,voice,796,421.2,93.132,0.7607176152872575,122.42650640452446,112.04086031112249,-10.385646093401974,-1.6683768824742127,E
2026-08-01,NORTH,chat,310,505.2,27.18958333333333,0.5434150129613313,50.03465617404299,26.963381656844778,-23.071274517198216,-3.706228838104131,E
2026-08-01,NORTH,email,177,292.8,13.220354676701293,1.0,13.220354676701293,13.1103689385978,-0.10998573810349299,-0.017668391663211724,E
2026-08-01,NORTH,voice,399,571.8,63.3745,0.6584200789794801,96.25238054438962,62.84726065356069,-33.405119890828935,-5.366284319811877,E
2026-08-01,SOUTH,chat,322,517.8,28.94645833333333,0.5434150129613313,53.2676824211942,28.705640468523363,-24.56204195267084,-3.945709550629853,E
2026-08-01,SOUTH,email,184,307.8,13.775054872926523,1.0,13.775054872926523,13.660454348608896,-0.1146005243176269,-0.018409722781948096,E
2026-08-01,SOUTH,voice,414,418.2,48.092999999999996,0.6584200789794801,73.04303367318606,47.69289393386447,-25.35013973932159,-4.072311604710295,E
2026-08-02,NORTH,chat,196,535.8,18.23208333333333,0.4818408866219834,37.83838989080408,17.12324359799035,-20.71514629281373,-3.327734344227105,E
2026-08-02,NORTH,email,112,303.0,7.858252779857412,1.0,7.858252779857411,7.380329178184061,-0.4779236016733499,-0.07677487577081926,E
2026-08-02,NORTH,voice,252,589.8,41.285999999999994,0.6384143744433873,64.66959650774767,38.77506603395825,-25.894530473789423,-4.159763931532437,E
2026-08-02,SOUTH,chat,188,510.0,16.645833333333332,0.4818408866219834,34.54632804208751,15.633466228025565,-18.912861814061944,-3.0382107331826416,E
2026-08-02,SOUTH,email,107,300.0,7.4884526490405925,1.0,7.4884526490405925,7.033019569798929,-0.4554330792416632,-0.07316194044042781,E
2026-08-02,SOUTH,voice,241,415.2,27.795333333333332,0.6384143744433873,43.53807565433842,26.104875392042846,-17.433200262295575,-2.800514098360735,E
2026-08-03,NORTH,chat,819,519.0,73.7953125,0.6933338312017621,106.43547044587437,69.21437785857641,-37.22109258729796,-5.979291981895255,E
2026-08-03,NORTH,email,468,298.8,32.912211642696924,1.0,32.912211642696924,30.869145689965915,-2.043065952731009,-0.3282033659005637,E
2026-08-03,NORTH,voice,1053,586.2,171.46350000000004,0.8012321596619151,213.99977264061658,160.81969268649712,-53.18007995411946,-8.542984731585456,E
2026-08-03,SOUTH,chat,806,507.0,70.94479166666666,0.6933338312017621,102.32414527313254,66.54080660630916,-35.78333866682338,-5.748327496678455,E
2026-08-03,SOUTH,email,461,304.2,32.3575114464717,1.0,32.3575114464717,30.348879189573232,-2.0086322568984656,-0.3226718484977455,E
2026-08-03,SOUTH,voice,1036,427.2,122.93866666666668,0.8012321596619151,153.43700971581245,115.30709796907819,-38.129911746734265,-6.125287027587834,E
2026-08-04,NORTH,chat,729,514.2,65.0784375,0.692236390983903,94.01186985778288,69.32495192383502,-24.686917933947868,-3.9657699492285734,E
2026-08-04,NORTH,email,417,306.0,33.83671196973897,1.0,33.83671196973897,36.04463353261681,2.2079215628778357,0.354686194839813,E
2026-08-04,NORTH,voice,938,577.8,150.54899999999998,0.7813274041018863,192.68362943579564,160.37266087068295,-32.31096856511269,-5.190517038572319,E
2026-08-04,SOUTH,chat,677,532.8,62.622499999999995,0.692236390983903,90.4640391860823,66.70875897796958,-23.755280208112723,-3.816109270379554,E
2026-08-04,SOUTH,email,387,304.8,31.433011119429647,1.0,31.433011119429647,33.48408579532709,2.0510746758974427,0.3294899077746896,E
2026-08-04,SOUTH,voice,871,415.8,100.6005,0.7813274041018863,128.75588322111577,107.16490889956853,-21.590974321547236,-3.4684296098871066,E
2026-08-05,NORTH,chat,690,523.2,62.675000000000004,0.6821385405901313,91.88016256313365,69.33395562818241,-22.546206934951243,-3.621880632120682,E
2026-08-05,NORTH,email,394,292.8,33.651811904330565,1.0,33.651811904330565,37.22717564232622,3.5753637379956587,0.5743556205615516,E
2026-08-05,NORTH,voice,887,589.2,145.17233333333334,0.7780991545252585,186.57305111956757,160.59628428836123,-25.976766831206334,-4.1729745913584475,E
2026-08-05,SOUTH,chat,657,508.8,58.035000000000004,0.6821385405901313,85.07802527884262,64.20097510780322,-20.8770501710394,-3.3537429993637593,E
2026-08-05,SOUTH,email,376,303.0,32.080161348359084,1.0,32.080161348359084,35.48854381287693,3.4083824645178424,0.5475313196012599,E
2026-08-05,SOUTH,voice,845,409.2,96.04833333333333,0.7780991545252585,123.4397091614054,106.25306552045005,-17.186643640955353,-2.7609066089888117,E
2026-08-06,NORTH,chat,699,508.2,61.6721875,0.683332108923595,90.25214342283412,68.15724215290858,-22.094901269925543,-3.549381730108521,E
2026-08-06,NORTH,email,400,298.2,34.021612035147385,1.0,34.021612035147385,37.59910818652005,3.5774961513726637,0.5746981769273356,E
2026-08-06,NORTH,voice,899,583.2,145.638,0.7782055833129391,187.14592020786716,160.95236499703046,-26.193555210836706,-4.207800033869351,E
2026-08-06,SOUTH,chat,644,532.2,59.50291666666667,0.683332108923595,87.0775950516908,65.75986460759707,-21.31773044409374,-3.424535011099396,E
2026-08-06,SOUTH,email,368,303.0,31.340561086725444,1.0,31.340561086725444,34.636134987038844,3.2955739003134,0.529409461897735,E
2026-08-06,SOUTH,voice,828,417.0,95.91,0.7782055833129391,123.2450679571028,105.99528506890503,-17.24978288819777,-2.7710494599514495,E
2026-08-07,NORTH,chat,643,508.8,56.79833333333333,0.6634873312368453,85.60575411056043,65.40263607510614,-20.20311803545428,-3.2454808089083182,E
2026-08-07,NORTH,email,367,301.8,32.63486154458431,1.0,32.63486154458431,37.578672607093935,4.943811062509624,0.7941865160658031,E
2026-08-07,NORTH,voice,826,603.0,138.355,0.7751065984767675,178.4980288800198,159.31421193411737,-19.183816945902436,-3.0817376619923595,E
2026-08-07,SOUTH,chat,636,513.0,56.64375,0.6634873312368453,85.372767999062,65.22463512155802,-20.148132877503983,-3.2366478518078687,E
2026-08-07,SOUTH,email,363,309.0,32.3575114464717,1.0,32.3575114464717,37.25930711751524,4.901795671043544,0.7874370555893244,E
2026-08-07,SOUTH,voice,818,414.0,94.07,0.7751065984767675,121.36395198397936,108.3205371446093,-13.043414839370058,-2.0953276850393667,E
2026-08-08,NORTH,chat,319,507.0,28.078645833333333,0.543232915817538,51.68804211923793,28.141301192836977,-23.54674092640095,-3.782608984160795,E
2026-08-08,NORTH,email,182,295.8,13.867504905630726,1.0,13.867504905630724,13.89844918657783,0.03094428094710544,0.004970968826844247,E
2026-08-08,NORTH,voice,410,582.0,66.28333333333333,0.657739598005311,100.77443038908861,66.43123954304697,-34.34319084604164,-5.5169784491633145,E
2026-08-08,SOUTH,chat,294,522.0,26.64375,0.543232915817538,49.046641365430716,26.70320349874364,-22.343437866687076,-3.589307287821217,E
2026-08-08,SOUTH,email,168,294.0,12.75810451318027,1.0,12.75810451318027,12.786573251651603,0.02846873847133402,0.0045732913206962275,E
2026-08-08,SOUTH,voice,378,427.8,44.919,0.657739598005311,68.29298423908682,45.01923332714298,-23.273750911943843,-3.7387551665773238,E
2026-08-09,NORTH,chat,203,529.8,18.67177083333333,0.48238989015010636,38.70680380039307,17.45967678957653,-21.247127010816538,-3.413193094107074,E
2026-08-09,NORTH,email,116,301.8,8.135602877970026,1.0,8.135602877970026,7.6074732282019495,-0.5281296497680765,-0.0848401043804139,E
2026-08-09,NORTH,voice,260,577.8,41.73,0.6391977811345301,65.28495753838858,39.02106120156139,-26.263896336827194,-4.219099813144931,E
2026-08-09,SOUTH,chat,181,513.0,16.1203125,0.48238989015010636,33.41760022164603,15.073848565799066,-18.343751655846965,-2.94678741459389,E
2026-08-09,SOUTH,email,103,304.2,7.211102550927978,1.0,7.211102550927978,6.742987634088092,-0.4681149168398866,-0.07519918342809423,E
2026-08-09,SOUTH,voice,233,432.0,27.96,0.6391977811345301,43.74232956562054,26.144952580772976,-17.59737698484756,-2.826887869051817,E
2026-08-10,NORTH,chat,843,517.8,75.78218749999999,0.7008604502133969,108.12735613334429,69.9639647828448,-38.163391350499495,-6.130665277188674,E
2026-08-10,NORTH,email,482,301.2,33.18956174080954,1.0,33.18956174080954,30.64141331090571,-2.5481484299038293,-0.40934111323756295,E
2026-08-10,NORTH,voice,1083,592.8,178.33399999999997,0.8037690308401503,221.8721960630829,164.64230061429467,-57.22989544878823,-9.19355750181337,E
2026-08-10,SOUTH,chat,812,516.0,72.74166666666666,0.7008604502133969,103.78908760583991,67.15688175288028,-36.63220585295963,-5.884691703286688,E
2026-08-10,SOUTH,email,464,304.2,31.987711315654877,1.0,31.987711315654877,29.531835670120824,-2.4558756455340536,-0.3945181759894062,E
2026-08-10,SOUTH,voice,1044,415.2,120.408,0.8037690308401503,149.80422905090276,111.16360386895374,-38.64062518194902,-6.2073293464978345,E
2026-08-11,NORTH,chat,761,526.2,69.52052083333332,0.6924142480055653,100.40307667495392,71.65970897657415,-28.74336769837977,-4.617408465603177,E
2026-08-11,NORTH,email,435,298.2,34.11406206785159,1.0,34.11406206785159,35.16377222851454,1.049710160662947,0.16862813825910797,E
2026-08-11,NORTH,voice,978,580.8,157.78399999999996,0.7852901423690553,200.9244628030078,162.63910836149074,-38.28535444151706,-6.150257741609166,E
2026-08-11,SOUTH,chat,694,505.8,60.941875,0.6924142480055653,88.01360627043334,62.817093063158666,-25.196513207274677,-4.047632643738904,E
2026-08-11,SOUTH,email,396,295.8,31.063210988612827,1.0,31.063210988612827,32.019044630842494,0.9558336422296669,0.15354757304894248,E
2026-08-11,SOUTH,voice,892,426.0,105.55333333333333,0.7852901423690553,134.41316481434635,108.80127273941945,-25.6118920749269,-4.11436017267902,E
2026-08-12,NORTH,chat,714,520.8,64.55749999999999,0.6922029195134739,93.26383662954684,68.08252669042228,-25.18130993912456,-4.045190351666596,E
2026-08-12,NORTH,email,408,307.2,32.72731157728852,1.0,32.72731157728852,34.51431768526526,1.7870061079767439,0.28706925429345287,E
2026-08-12,NORTH,voice,918,576.0,146.88,0.782894410850033,187.61150669159082,154.9000738920997,-32.71143279949112,-5.2548486424885335,E
2026-08-12,SOUTH,chat,714,505.2,62.623749999999994,0.6922029195134739,90.47021940331618,66.0431883333359,-24.427031069980274,-3.924021055418518,E
2026-08-12,SOUTH,email,408,307.8,32.72731157728852,1.0,32.72731157728852,34.51431768526526,1.7870061079767439,0.28706925429345287,E
2026-08-12,SOUTH,voice,918,427.8,109.08900000000001,0.782894410850033,139.34062944906694,115.04557571361158,-24.295053735455355,-3.9028198771815834,E
2026-08-13,NORTH,chat,724,532.8,66.96999999999998,0.692315027805891,96.73341948425364,70.46050862374784,-26.272910860505803,-4.220547929398522,E
2026-08-13,NORTH,email,414,307.2,33.09711170810534,1.0,33.09711170810534,34.82214909556671,1.72503738746137,0.27711443975283057,E
2026-08-13,NORTH,voice,931,598.2,154.7011666666667,0.7832737937128396,197.50586309463912,162.76426591041547,-34.74159718422365,-5.580979467345165,E
2026-08-13,SOUTH,chat,666,535.8,61.951874999999994,0.692315027805891,89.48509350770564,65.18083653419217,-24.304256973513475,-3.9042983089981487,E
2026-08-13,SOUTH,email,381,307.8,30.5085107923876,1.0,30.5085107923876,32.09862905457266,1.5901182621850616,0.25544068468836334,E
2026-08-13,SOUTH,voice,856,430.8,102.43466666666666,0.7832737937128396,130.77759972168917,107.77361078150521,-23.00398894018396,-3.6954199100697123,E
2026-08-14,NORTH,chat,702,532.2,64.861875,0.6765021714275155,95.87829535437004,72.62567328760002,-23.252622066770016,-3.735360974581529,E
2026-08-14,NORTH,email,401,295.8,34.66876226407682,1.0,34.66876226407682,38.818523230731756,4.149760966654938,0.666628267735733,E
2026-08-14,NORTH,voice,902,586.8,147.02599999999998,0.7775936719735861,189.0781847887701,164.6246310453202,-24.453553743449902,-3.928281725855406,E
2026-08-14,SOUTH,chat,601,514.2,53.65177083333333,0.6765021714275155,79.30761067643064,60.073748713598775,-19.233861962831867,-3.0897770221416656,E
2026-08-14,SOUTH,email,343,304.2,29.676460498049757,1.0,29.676460498049757,33.228655885506384,3.552195387456628,0.5706337971817876,E
2026-08-14,SOUTH,voice,772,432.0,92.64,0.7775936719735861,119.13677199156382,103.72876783724286,-15.408004154320963,-2.475181390252364,E
2026-08-15,NORTH,chat,335,510.0,29.661458333333332,0.5675882936507936,52.258756329429204,27.723495731717538,-24.535260597711666,-3.941407324933601,E
2026-08-15,NORTH,email,191,304.2,13.312804709405498,1.0,13.312804709405496,12.442998600767577,-0.8698061086379187,-0.13972788893781826,E
2026-08-15,NORTH,voice,431,600.0,71.83333333333333,0.6811890322540815,105.45286246848981,67.14002688882321,-38.3128355796666,-6.154672382275758,E
2026-08-15,SOUTH,chat,333,517.8,29.935312499999995,0.5675882936507936,52.741243670570796,27.979457348148387,-24.76178632242241,-3.977796999585929,E
2026-08-15,SOUTH,email,190,304.2,13.220354676701293,1.0,13.220354676701293,12.356588888262245,-0.8637657884390482,-0.13875755637575068,E
2026-08-15,SOUTH,voice,428,408.0,48.50666666666667,0.6811890322540815,71.20881924090321,45.33743254228101,-25.871386698622203,-4.156046056003566,E
2026-08-16,NORTH,chat,216,508.2,19.0575,0.48902777777777773,38.970178926441356,16.832214350308345,-22.13796457613301,-3.5562995303024914,E
2026-08-16,NORTH,email,123,301.2,8.043152845265821,1.0,8.043152845265821,7.1039786301354715,-0.9391742151303495,-0.1508713598602971,E
2026-08-16,NORTH,voice,277,585.0,45.0125,0.6458258479316088,69.69758200939444,39.75652884393306,-29.941053165461376,-4.8098077374235135,E
2026-08-16,SOUTH,chat,196,517.8,17.61958333333333,0.48902777777777773,36.02982107355865,15.562198789441796,-20.467622284116857,-3.287971451263752,E
2026-08-16,SOUTH,email,112,306.0,7.303552583632183,1.0,7.303552583632183,6.450739215870141,-0.8528133677620424,-0.13699813136739636,E
2026-08-16,SOUTH,voice,251,427.8,29.827166666666667,0.6458258479316088,46.18453529259374,26.34434017031118,-19.840195122282562,-3.1871799393224998,E
2026-08-17,NORTH,chat,810,523.8,73.65937499999998,0.6951429812191726,105.96291265260696,69.31869322078545,-36.64421943182151,-5.886621595473335,E
2026-08-17,NORTH,email,463,306.0,32.63486154458431,1.0,32.63486154458431,30.711718036052417,-1.9231435085318935,-0.30893871623002306,E
2026-08-17,NORTH,voice,1041,598.8,173.153,0.7993911037590342,216.60611331020598,162.94924695272886,-53.65686635747713,-8.619576924895926,E
2026-08-17,SOUTH,chat,808,517.8,72.63583333333332,0.6951429812191726,104.4904937484104,68.35546795868734,-36.13502578972306,-5.8048234200358335,E
2026-08-17,SOUTH,email,462,298.8,32.542411511880104,1.0,32.542411511880104,30.624716001955946,-1.9176955099241582,-0.3080635357307885,E
2026-08-17,SOUTH,voice,1039,409.2,118.09966666666666,0.7993911037590342,147.73702898533412,111.14015782979001,-36.59687115554411,-5.879015446673753,E
2026-08-18,NORTH,chat,807,511.2,71.62124999999999,0.715251208916935,100.13439908539551,72.00564247237746,-28.128756613018055,-4.518675761127398,E
2026-08-18,NORTH,email,461,301.8,35.03856239489364,1.0,35.03856239489364,35.22661495789031,0.18805256299667406,0.030209247067738806,E
2026-08-18,NORTH,voice,1038,573.0,165.215,0.7879230084985105,209.68419276756322,166.10171172764848,-43.58248103991474,-7.00120177348028,E
2026-08-18,SOUTH,chat,703,507.0,61.87864583333333,0.715251208916935,86.51316497183235,62.21074958269884,-24.302415389133515,-3.9040024721499624,E
2026-08-18,SOUTH,email,402,301.2,30.600960825091803,1.0,30.600960825091803,30.76519670464826,0.16423587955645758,0.026383273824330537,E
2026-08-18,SOUTH,voice,904,423.0,106.22,0.7879230084985105,134.81012593148662,106.79008455473668,-28.020041376749944,-4.50121146614457,E
2026-08-19,NORTH,chat,752,519.0,67.75833333333333,0.6925928161869522,97.8328561164909,68.55494799834595,-29.27790811814495,-4.703278412553406,E
2026-08-19,NORTH,email,430,306.0,33.00466167540113,1.0,33.00466167540113,33.392687711624056,0.3880260362229251,0.062333499794847404,E
2026-08-19,NORTH,voice,967,597.0,160.36083333333335,0.7873134273210058,203.68105987852095,162.2461481756944,-41.434911702826554,-6.656210715313503,E
2026-08-19,SOUTH,chat,725,520.2,65.4765625,0.6925928161869522,94.53832175228028,66.24635106084786,-28.291970691432425,-4.544894890189948,E
2026-08-19,SOUTH,email,414,294.0,31.802811250246467,1.0,31.802811250246467,32.17670748683103,0.37389623658456017,0.06006365246338316,E
2026-08-19,SOUTH,voice,932,421.8,109.19933333333334,0.7873134273210058,138.698680276426,110.48315756665673,-28.21552270976926,-4.532614089922773,E
2026-08-20,NORTH,chat,728,517.8,65.44416666666666,0.6886412826460855,95.03375460617062,69.71098987765909,-25.32276472851153,-4.067914012612294,E
2026-08-20,NORTH,email,416,292.8,34.021612035147385,1.0,34.021612035147385,36.23975020239346,2.2181381672460745,0.3563274164250722,E
2026-08-20,NORTH,voice,936,598.2,155.532,0.7829642615156748,198.6450820870402,165.67236210487934,-32.97271998216087,-5.296822487094116,E
2026-08-20,SOUTH,chat,659,505.2,57.79979166666666,0.6886412826460855,83.93309132524342,61.56821756671673,-22.36487375852669,-3.592750804582601,E
2026-08-20,SOUTH,email,376,295.8,30.69341085779601,1.0,30.69341085779601,32.69455724781149,2.001146390015478,0.32146929960088,E
2026-08-20,SOUTH,voice,847,427.8,100.65183333333334,0.7829642615156748,128.55227023835025,107.21412300053987,-21.338147237810375,-3.427814817318936,E
2026-08-21,NORTH,chat,704,520.2,63.580000000000005,0.6804362688885645,93.44005148910213,70.07423070877142,-23.365820780330708,-3.7535455068804353,E
2026-08-21,NORTH,email,402,304.2,34.11406206785159,1.0,34.11406206785159,37.59856331796131,3.484501250109716,0.5597592369654163,E
2026-08-21,NORTH,voice,905,583.8,146.76083333333332,0.7790128489188851,188.39334105593787,161.75137612474913,-26.64196493118874,-4.279833723885742,E
2026-08-21,SOUTH,chat,640,508.2,56.46666666666666,0.6804362688885645,82.98597421754167,62.23432254412224,-20.751651673419424,-3.3335986623966947,E
2026-08-21,SOUTH,email,366,294.0,31.063210988612827,1.0,31.063210988612827,34.236090175704604,3.1728791870917767,0.5096994678059079,E
2026-08-21,SOUTH,voice,822,426.0,97.27,0.7790128489188851,124.86315230229054,107.20541712869134,-17.657735173599207,-2.8365839636303947,E
2026-08-22,NORTH,chat,335,526.2,30.60364583333334,0.5754712301587303,53.18014911864845,28.661415087379293,-24.518734031269158,-3.9387524548223545,E
2026-08-22,NORTH,email,191,301.2,13.405254742109703,1.0,13.405254742109703,12.55450323167648,-0.8507515104332235,-0.1366669093065419,E
2026-08-22,NORTH,voice,431,573.0,68.60083333333333,0.6768195830824213,101.35763658153388,64.24714787952553,-37.110488702008354,-5.961524289479253,E
2026-08-22,SOUTH,chat,340,505.2,29.82083333333333,0.5754712301587303,51.819850881351535,27.9282830246088,-23.891567856742736,-3.8380028685530494,E
2026-08-22,SOUTH,email,194,295.8,13.590154807518113,1.0,13.590154807518113,12.727668793492708,-0.8624860140254054,-0.1385519701245631,E
2026-08-22,SOUTH,voice,437,412.2,50.0365,0.6768195830824213,73.92885970012881,46.860981983317195,-27.067877716811616,-4.348253448483793,E
2026-08-23,NORTH,chat,204,517.2,18.3175,0.4821083333333333,37.99457245086685,16.41257928573085,-21.581993165135998,-3.466986853837108,E
2026-08-23,NORTH,email,116,301.8,7.765802747153207,1.0,7.765802747153208,6.958201354169425,-0.8076013929837824,-0.1297351635315313,E
2026-08-23,NORTH,voice,262,601.8,43.79766666666666,0.644285205309542,67.97869376128914,39.24294672835691,-28.735747032932224,-4.616184262318429,E
2026-08-23,SOUTH,chat,198,519.0,17.840625,0.4821083333333333,37.005427549133145,15.985296700941282,-21.02013084819186,-3.376727847099094,E
2026-08-23,SOUTH,email,113,304.2,7.4884526490405925,1.0,7.4884526490405925,6.709694162949089,-0.7787584860915038,-0.1251017648339765,E
2026-08-23,SOUTH,voice,254,423.0,29.845,0.644285205309542,46.322653002192084,26.741281767852445,-19.581371234339638,-3.145601804713195,E
