date,segment,channel,transactions,transactions_forecast,contacts_offered,contacts_handled,aht_seconds,concurrency_effective,items_resolved,productive_hours,occupancy_achieved,service_level
2026-06-01,NORTH,voice,3710,3462,702,702,415.2,1,0,105.71,0.77,0.91
2026-06-01,NORTH,chat,3710,3462,546,546,534,1.6,0,66.12,0.77,0.91
2026-06-01,NORTH,email,3710,3462,312,312,300,1,312,33.96,0.77,0.91
2026-06-01,SOUTH,voice,6621,6576,908,908,430.2,1,0,141.68,0.77,0.91
2026-06-01,SOUTH,chat,6621,6576,706,706,508.8,1.6,0,81.5,0.77,0.91
2026-06-01,SOUTH,email,6621,6576,404,404,301.2,1,404,44.13,0.77,0.91
2026-06-02,NORTH,voice,3417,3295,648,648,415.8,1,0,111.1,0.67,0.99
2026-06-02,NORTH,chat,3417,3295,504,504,510,1.6,0,66.21,0.67,0.99
2026-06-02,NORTH,email,3417,3295,288,288,304.8,1,288,36.2,0.67,0.99
2026-06-02,SOUTH,voice,5700,5411,769,769,423,1,0,134.06,0.67,0.99
2026-06-02,SOUTH,chat,5700,5411,598,598,535.2,1.6,0,82.41,0.67,0.99
2026-06-02,SOUTH,email,5700,5411,342,342,306,1,342,43.13,0.67,0.99
2026-06-03,NORTH,voice,3374,3250,625,625,420,1,0,113.21,0.64,0.99
2026-06-03,NORTH,chat,3374,3250,486,486,526.2,1.6,0,68.9,0.64,0.99
2026-06-03,NORTH,email,3374,3250,278,278,309,1,278,37.05,0.64,0.99
2026-06-03,SOUTH,voice,5454,5265,739,739,411,1,0,130.99,0.64,0.99
2026-06-03,SOUTH,chat,5454,5265,575,575,525,1.6,0,81.37,0.64,0.99
2026-06-03,SOUTH,email,5454,5265,328,328,294,1,328,41.59,0.64,0.99
2026-06-04,NORTH,voice,3092,2987,573,573,415.8,1,0,109.58,0.6,0.99
2026-06-04,NORTH,chat,3092,2987,446,446,507,1.6,0,64.97,0.6,0.99
2026-06-04,NORTH,email,3092,2987,255,255,292.8,1,255,34.35,0.6,0.99
2026-06-04,SOUTH,voice,5368,5388,723,723,415.2,1,0,137.94,0.6,0.99
2026-06-04,SOUTH,chat,5368,5388,562,562,505.2,1.6,0,81.55,0.6,0.99
2026-06-04,SOUTH,email,5368,5388,321,321,303,1,321,44.71,0.6,0.99
2026-06-05,NORTH,voice,2938,2830,566,566,427.2,1,0,111.67,0.6,0.99
2026-06-05,NORTH,chat,2938,2830,440,440,526.2,1.6,0,66.84,0.6,0.99
2026-06-05,NORTH,email,2938,2830,251,251,304.8,1,251,35.37,0.6,0.99
2026-06-05,SOUTH,voice,5181,4857,698,698,421.8,1,0,136.11,0.6,0.99
2026-06-05,SOUTH,chat,5181,4857,543,543,511.2,1.6,0,80.13,0.6,0.99
2026-06-05,SOUTH,email,5181,4857,310,310,300,1,310,42.97,0.6,0.99
2026-06-06,NORTH,voice,1522,1455,284,284,408,1,0,44.55,0.72,0.98
2026-06-06,NORTH,chat,1522,1455,221,221,523.2,1.6,0,27.78,0.72,0.98
2026-06-06,NORTH,email,1522,1455,126,126,292.2,1,126,14.15,0.72,0.98
2026-06-06,SOUTH,voice,2596,2555,347,347,415.2,1,0,55.37,0.72,0.98
2026-06-06,SOUTH,chat,2596,2555,270,270,507,1.6,0,32.9,0.72,0.98
2026-06-06,SOUTH,email,2596,2555,154,154,307.8,1,154,18.24,0.72,0.98
2026-06-07,NORTH,voice,920,877,176,176,432,1,0,26.88,0.79,0.87
2026-06-07,NORTH,chat,920,877,137,137,510,1.6,0,15.44,0.79,0.87
2026-06-07,NORTH,email,920,877,78,78,297,1,78,8.19,0.79,0.87
2026-06-07,SOUTH,voice,1595,1573,215,215,424.8,1,0,32.31,0.79,0.87
2026-06-07,SOUTH,chat,1595,1573,167,167,526.2,1.6,0,19.41,0.79,0.87
2026-06-07,SOUTH,email,1595,1573,95,95,292.2,1,95,9.81,0.79,0.87
2026-06-08,NORTH,voice,3897,3738,741,741,424.2,1,0,113.9,0.77,0.91
2026-06-08,NORTH,chat,3897,3738,576,576,510,1.6,0,66.56,0.77,0.91
2026-06-08,NORTH,email,3897,3738,329,329,298.2,1,329,35.54,0.77,0.91
2026-06-08,SOUTH,voice,6660,6407,890,890,417,1,0,134.54,0.77,0.91
2026-06-08,SOUTH,chat,6660,6407,692,692,514.8,1.6,0,80.75,0.77,0.91
2026-06-08,SOUTH,email,6660,6407,395,395,292.2,1,395,41.81,0.77,0.91
2026-06-09,NORTH,voice,3594,3362,680,680,415.8,1,0,110.02,0.71,0.99
2026-06-09,NORTH,chat,3594,3362,529,529,526.8,1.6,0,67.76,0.71,0.99
2026-06-09,NORTH,email,3594,3362,302,302,295.2,1,302,34.65,0.71,0.99
2026-06-09,SOUTH,voice,5984,5627,821,821,430.2,1,0,137.3,0.71,0.99
2026-06-09,SOUTH,chat,5984,5627,638,638,520.2,1.6,0,80.64,0.71,0.99
2026-06-09,SOUTH,email,5984,5627,365,365,301.2,1,365,42.73,0.71,0.99
2026-06-10,NORTH,voice,3431,3270,639,639,415.2,1,0,107.49,0.69,0.99
2026-06-10,NORTH,chat,3431,3270,497,497,507,1.6,0,63.84,0.69,0.99
2026-06-10,NORTH,email,3431,3270,284,284,292.8,1,284,33.73,0.69,0.99
2026-06-10,SOUTH,voice,6002,5596,812,812,423,1,0,139.23,0.69,0.99
2026-06-10,SOUTH,chat,6002,5596,632,632,534,1.6,0,85.5,0.69,0.99
2026-06-10,SOUTH,email,6002,5596,361,361,295.8,1,361,43.31,0.69,0.99
2026-06-11,NORTH,voice,3155,3162,603,603,412.8,1,0,108.93,0.64,0.99
2026-06-11,NORTH,chat,3155,3162,469,469,508.8,1.6,0,65.26,0.64,0.99
2026-06-11,NORTH,email,3155,3162,268,268,309,1,268,36.22,0.64,0.99
2026-06-11,SOUTH,voice,5454,5205,735,735,432,1,0,138.89,0.64,0.99
2026-06-11,SOUTH,chat,5454,5205,572,572,520.2,1.6,0,81.31,0.64,0.99
2026-06-11,SOUTH,email,5454,5205,327,327,297,1,327,42.48,0.64,0.99
2026-06-12,NORTH,voice,3043,2948,567,567,409.2,1,0,104.69,0.62,0.99
2026-06-12,NORTH,chat,3043,2948,441,441,517.8,1.6,0,64.46,0.62,0.99
2026-06-12,NORTH,email,3043,2948,252,252,309,1,252,35.15,0.62,0.99
2026-06-12,SOUTH,voice,5403,5080,737,737,432,1,0,143.74,0.62,0.99
2026-06-12,SOUTH,chat,5403,5080,573,573,505.8,1.6,0,81.81,0.62,0.99
2026-06-12,SOUTH,email,5403,5080,327,327,292.8,1,327,43.25,0.62,0.99
2026-06-13,NORTH,voice,1630,1592,310,310,409.8,1,0,46.42,0.76,0.92
2026-06-13,NORTH,chat,1630,1592,241,241,511.8,1.6,0,28.17,0.76,0.92
2026-06-13,NORTH,email,1630,1592,138,138,292.8,1,138,14.77,0.76,0.92
2026-06-13,SOUTH,voice,2576,2424,350,350,421.2,1,0,53.82,0.76,0.92
2026-06-13,SOUTH,chat,2576,2424,272,272,523.8,1.6,0,32.54,0.76,0.92
2026-06-13,SOUTH,email,2576,2424,155,155,304.8,1,155,17.27,0.76,0.92
2026-06-14,NORTH,voice,892,865,166,166,415.2,1,0,26.25,0.73,0.98
2026-06-14,NORTH,chat,892,865,129,129,516,1.6,0,15.85,0.73,0.98
2026-06-14,NORTH,email,892,865,74,74,292.2,1,74,8.23,0.73,0.98
2026-06-14,SOUTH,voice,1499,1403,201,201,430.2,1,0,32.94,0.73,0.98
2026-06-14,SOUTH,chat,1499,1403,156,156,505.8,1.6,0,18.8,0.73,0.98
2026-06-14,SOUTH,email,1499,1403,89,89,294,1,89,9.97,0.73,0.98
2026-06-15,NORTH,voice,4060,4080,767,767,409.2,1,0,109.98,0.79,0.85
2026-06-15,NORTH,chat,4060,4080,597,597,528,1.6,0,69.07,0.79,0.85
2026-06-15,NORTH,email,4060,4080,341,341,304.8,1,341,36.46,0.79,0.85
2026-06-15,SOUTH,voice,6682,6602,896,896,427.8,1,0,134.45,0.79,0.85
2026-06-15,SOUTH,chat,6682,6602,697,697,523.8,1.6,0,80.03,0.79,0.85
2026-06-15,SOUTH,email,6682,6602,398,398,309,1,398,43.12,0.79,0.85
2026-06-16,NORTH,voice,3691,3658,702,702,411,1,0,112.93,0.71,0.99
2026-06-16,NORTH,chat,3691,3658,546,546,508.2,1.6,0,67.85,0.71,0.99
2026-06-16,NORTH,email,3691,3658,312,312,301.8,1,312,36.88,0.71,0.99
2026-06-16,SOUTH,voice,5959,5989,801,801,424.2,1,0,132.93,0.71,0.99
2026-06-16,SOUTH,chat,5959,5989,623,623,525,1.6,0,80.01,0.71,0.99
2026-06-16,SOUTH,email,5959,5989,356,356,304.8,1,356,42.5,0.71,0.99
2026-06-17,NORTH,voice,3325,3128,633,633,412.2,1,0,111.03,0.65,0.99
2026-06-17,NORTH,chat,3325,3128,492,492,511.2,1.6,0,66.9,0.65,0.99
2026-06-17,NORTH,email,3325,3128,281,281,300,1,281,35.89,0.65,0.99
2026-06-17,SOUTH,voice,5543,5320,758,758,421.8,1,0,136.18,0.65,0.99
2026-06-17,SOUTH,chat,5543,5320,590,590,508.8,1.6,0,79.91,0.65,0.99
2026-06-17,SOUTH,email,5543,5320,337,337,301.2,1,337,43.19,0.65,0.99
2026-06-18,NORTH,voice,3189,2973,593,593,411,1,0,110.86,0.61,0.99
2026-06-18,NORTH,chat,3189,2973,461,461,504,1.6,0,66.05,0.61,0.99
2026-06-18,NORTH,email,3189,2973,264,264,292.8,1,264,35.18,0.61,0.99
2026-06-18,SOUTH,voice,5427,5441,724,724,409.8,1,0,135.02,0.61,0.99
2026-06-18,SOUTH,chat,5427,5441,563,563,519,1.6,0,83.07,0.61,0.99
2026-06-18,SOUTH,email,5427,5441,322,322,292.8,1,322,42.91,0.61,0.99
2026-06-19,NORTH,voice,3125,3048,583,583,415.8,1,0,112.69,0.6,0.99
2026-06-19,NORTH,chat,3125,3048,453,453,516,1.6,0,67.88,0.6,0.99
2026-06-19,NORTH,email,3125,3048,259,259,295.8,1,259,35.62,0.6,0.99
2026-06-19,SOUTH,voice,5232,4929,693,693,417,1,0,134.27,0.6,0.99
2026-06-19,SOUTH,chat,5232,4929,539,539,511.8,1.6,0,80.14,0.6,0.99
2026-06-19,SOUTH,email,5232,4929,308,308,297,1,308,42.5,0.6,0.99
2026-06-20,NORTH,voice,1525,1456,291,291,415.2,1,0,44.52,0.75,0.94
2026-06-20,NORTH,chat,1525,1456,227,227,535.2,1.6,0,27.98,0.75,0.94
2026-06-20,NORTH,email,1525,1456,130,130,304.8,1,130,14.62,0.75,0.94
2026-06-20,SOUTH,voice,2596,2441,353,353,424.2,1,0,55.17,0.75,0.94
2026-06-20,SOUTH,chat,2596,2441,275,275,526.8,1.6,0,33.39,0.75,0.94
2026-06-20,SOUTH,email,2596,2441,157,157,298.8,1,157,17.3,0.75,0.94
2026-06-21,NORTH,voice,963,926,185,185,418.2,1,0,26.66,0.81,0.81
2026-06-21,NORTH,chat,963,926,144,144,513,1.6,0,15.92,0.81,0.81
2026-06-21,NORTH,email,963,926,82,82,298.8,1,82,8.45,0.81,0.81
2026-06-21,SOUTH,voice,1610,1503,221,221,414,1,0,31.54,0.81,0.81
2026-06-21,SOUTH,chat,1610,1503,172,172,523.2,1.6,0,19.38,0.81,0.81
2026-06-21,SOUTH,email,1610,1503,98,98,298.8,1,98,10.1,0.81,0.81
2026-06-22,NORTH,voice,3883,3829,742,742,412.2,1,0,112.52,0.75,0.93
2026-06-22,NORTH,chat,3883,3829,577,577,526.8,1.6,0,69.95,0.75,0.93
2026-06-22,NORTH,email,3883,3829,330,330,292.2,1,330,35.47,0.75,0.93
2026-06-22,SOUTH,voice,6462,6372,859,859,417,1,0,131.84,0.75,0.93
2026-06-22,SOUTH,chat,6462,6372,668,668,529.2,1.6,0,81.29,0.75,0.93
2026-06-22,SOUTH,email,6462,6372,382,382,298.8,1,382,42.04,0.75,0.93
2026-06-23,NORTH,voice,3657,3625,678,678,409.8,1,0,110.28,0.7,0.99
2026-06-23,NORTH,chat,3657,3625,528,528,525,1.6,0,68.73,0.7,0.99
2026-06-23,NORTH,email,3657,3625,301,301,306,1,301,36.54,0.7,0.99
2026-06-23,SOUTH,voice,5971,5853,810,810,417,1,0,134.01,0.7,0.99
2026-06-23,SOUTH,chat,5971,5853,630,630,522,1.6,0,81.54,0.7,0.99
2026-06-23,SOUTH,email,5971,5853,360,360,294,1,360,41.99,0.7,0.99
2026-06-24,NORTH,voice,3641,3611,692,692,432,1,0,118.35,0.7,0.99
2026-06-24,NORTH,chat,3641,3611,538,538,534,1.6,0,71.08,0.7,0.99
2026-06-24,NORTH,email,3641,3611,308,308,295.8,1,308,36.09,0.7,0.99
2026-06-24,SOUTH,voice,5869,5532,777,777,421.8,1,0,129.81,0.7,0.99
2026-06-24,SOUTH,chat,5869,5532,604,604,511.8,1.6,0,76.52,0.7,0.99
2026-06-24,SOUTH,email,5869,5532,345,345,301.8,1,345,41.25,0.7,0.99
2026-06-25,NORTH,voice,3354,3151,646,646,426,1,0,115.19,0.66,0.99
2026-06-25,NORTH,chat,3354,3151,502,502,520.8,1.6,0,68.42,0.66,0.99
2026-06-25,NORTH,email,3354,3151,287,287,301.8,1,287,36.28,0.66,0.99
2026-06-25,SOUTH,voice,5499,5364,743,743,421.2,1,0,130.93,0.66,0.99
2026-06-25,SOUTH,chat,5499,5364,578,578,529.8,1.6,0,80.14,0.66,0.99
2026-06-25,SOUTH,email,5499,5364,330,330,304.8,1,330,42.13,0.66,0.99
2026-06-26,NORTH,voice,3267,3230,623,623,415.8,1,0,115.93,0.62,0.99
2026-06-26,NORTH,chat,3267,3230,485,485,508.2,1.6,0,68.88,0.62,0.99
2026-06-26,NORTH,email,3267,3230,277,277,301.2,1,277,37.3,0.62,0.99
2026-06-26,SOUTH,voice,5149,4831,696,696,426,1,0,132.63,0.62,0.99
2026-06-26,SOUTH,chat,5149,4831,541,541,511.8,1.6,0,77.44,0.62,0.99
2026-06-26,SOUTH,email,5149,4831,309,309,295.8,1,309,40.91,0.62,0.99
2026-06-27,NORTH,voice,1703,1623,322,322,424.8,1,0,48.19,0.79,0.86
2026-06-27,NORTH,chat,1703,1623,250,250,511.8,1.6,0,28.17,0.79,0.86
2026-06-27,NORTH,email,1703,1623,143,143,295.8,1,143,14.91,0.79,0.86
2026-06-27,SOUTH,voice,2612,2559,355,355,429,1,0,53.63,0.79,0.86
2026-06-27,SOUTH,chat,2612,2559,276,276,520.8,1.6,0,31.65,0.79,0.86
2026-06-27,SOUTH,email,2612,2559,158,158,295.2,1,158,16.41,0.79,0.86
2026-06-28,NORTH,voice,954,930,179,179,423,1,0,26.01,0.81,0.8
2026-06-28,NORTH,chat,954,930,139,139,514.2,1.6,0,15.34,0.81,0.8
2026-06-28,NORTH,email,954,930,80,80,307.2,1,80,8.44,0.81,0.8
2026-06-28,SOUTH,voice,1628,1577,221,221,427.8,1,0,32.49,0.81,0.8
2026-06-28,SOUTH,chat,1628,1577,172,172,526.2,1.6,0,19.42,0.81,0.8
2026-06-28,SOUTH,email,1628,1577,98,98,307.8,1,98,10.37,0.81,0.8
2026-06-29,NORTH,voice,4171,4162,783,783,427.2,1,0,114.34,0.81,0.79
2026-06-29,NORTH,chat,4171,4162,609,609,526.8,1.6,0,68.6,0.81,0.79
2026-06-29,NORTH,email,4171,4162,348,348,292.8,1,348,34.87,0.81,0.79
2026-06-29,SOUTH,voice,6896,6905,914,914,427.2,1,0,133.47,0.81,0.79
2026-06-29,SOUTH,chat,6896,6905,711,711,532.8,1.6,0,81,0.81,0.79
2026-06-29,SOUTH,email,6896,6905,406,406,294,1,406,40.82,0.81,0.79
2026-06-30,NORTH,voice,3820,3825,726,726,430.8,1,0,118.99,0.73,0.97
2026-06-30,NORTH,chat,3820,3825,565,565,520.8,1.6,0,69.96,0.73,0.97
2026-06-30,NORTH,email,3820,3825,323,323,309,1,323,37.95,0.73,0.97
2026-06-30,SOUTH,voice,6053,5654,810,810,414,1,0,127.52,0.73,0.97
2026-06-30,SOUTH,chat,6053,5654,630,630,522,1.6,0,78.16,0.73,0.97
2026-06-30,SOUTH,email,6053,5654,360,360,295.8,1,360,40.52,0.73,0.97
2026-07-01,NORTH,voice,3557,3322,689,689,414,1,0,116.33,0.68,0.99
2026-07-01,NORTH,chat,3557,3322,536,536,514.2,1.6,0,70.23,0.68,0.99
2026-07-01,NORTH,email,3557,3322,306,306,295.2,1,306,36.82,0.68,0.99
2026-07-01,SOUTH,voice,5762,5713,770,770,414,1,0,130.01,0.68,0.99
2026-07-01,SOUTH,chat,5762,5713,599,599,510,1.6,0,77.87,0.68,0.99
2026-07-01,SOUTH,email,5762,5713,342,342,300,1,342,41.84,0.68,0.99
2026-07-02,NORTH,voice,3237,3253,627,627,430.2,1,0,112.35,0.67,0.99
2026-07-02,NORTH,chat,3237,3253,488,488,520.2,1.6,0,66.09,0.67,0.99
2026-07-02,NORTH,email,3237,3253,279,279,295.2,1,279,34.3,0.67,0.99
2026-07-02,SOUTH,voice,5788,5438,779,779,409.2,1,0,132.77,0.67,0.99
2026-07-02,SOUTH,chat,5788,5438,606,606,526.8,1.6,0,83.18,0.67,0.99
2026-07-02,SOUTH,email,5788,5438,346,346,307.8,1,346,44.41,0.67,0.99
2026-07-03,NORTH,voice,3165,3103,607,607,411,1,0,110.8,0.63,0.99
2026-07-03,NORTH,chat,3165,3103,472,472,511.8,1.6,0,67.08,0.63,0.99
2026-07-03,NORTH,email,3165,3103,270,270,298.2,1,270,35.74,0.63,0.99
2026-07-03,SOUTH,voice,5339,5090,713,713,424.2,1,0,134.27,0.63,0.99
2026-07-03,SOUTH,chat,5339,5090,554,554,535.2,1.6,0,82.27,0.63,0.99
2026-07-03,SOUTH,email,5339,5090,317,317,304.8,1,317,42.94,0.63,0.99
2026-07-04,NORTH,voice,1607,1589,315,315,417,1,0,45.85,0.8,0.84
2026-07-04,NORTH,chat,1607,1589,245,245,520.2,1.6,0,27.79,0.8,0.84
2026-07-04,NORTH,email,1607,1589,140,140,304.2,1,140,14.86,0.8,0.84
2026-07-04,SOUTH,voice,2793,2657,374,374,414,1,0,54.05,0.8,0.84
2026-07-04,SOUTH,chat,2793,2657,291,291,514.2,1.6,0,32.63,0.8,0.84
2026-07-04,SOUTH,email,2793,2657,166,166,307.2,1,166,17.79,0.8,0.84
2026-07-05,NORTH,voice,982,966,194,194,423,1,0,27.55,0.83,0.75
2026-07-05,NORTH,chat,982,966,151,151,511.2,1.6,0,16.19,0.83,0.75
2026-07-05,NORTH,email,982,966,86,86,300,1,86,8.66,0.83,0.75
2026-07-05,SOUTH,voice,1671,1653,221,221,415.2,1,0,30.79,0.83,0.75
2026-07-05,SOUTH,chat,1671,1653,172,172,529.8,1.6,0,19.13,0.83,0.75
2026-07-05,SOUTH,email,1671,1653,98,98,295.8,1,98,9.74,0.83,0.75
2026-07-06,NORTH,voice,4173,3936,822,821,427.8,1,0,117.57,0.83,0.74
2026-07-06,NORTH,chat,4173,3936,640,639,505.2,1.6,0,67.5,0.83,0.74
2026-07-06,NORTH,email,4173,3936,365,364,295.8,1,364,36.1,0.83,0.74
2026-07-06,SOUTH,voice,6883,6422,923,922,423,1,0,130.47,0.83,0.74
2026-07-06,SOUTH,chat,6883,6422,718,717,534,1.6,0,80.08,0.83,0.74
2026-07-06,SOUTH,email,6883,6422,410,409,301.8,1,409,41.38,0.83,0.74
2026-07-07,NORTH,voice,3674,3694,743,743,429,1,0,114.69,0.77,0.9
2026-07-07,NORTH,chat,3674,3694,578,578,529.2,1.6,0,68.76,0.77,0.9
2026-07-07,NORTH,email,3674,3694,330,330,295.2,1,330,35.03,0.77,0.9
2026-07-07,SOUTH,voice,6499,6319,881,881,421.2,1,0,133.46,0.77,0.9
2026-07-07,SOUTH,chat,6499,6319,685,685,507,1.6,0,78.1,0.77,0.9
2026-07-07,SOUTH,email,6499,6319,391,391,306,1,391,43.05,0.77,0.9
2026-07-08,NORTH,voice,3591,3619,724,724,421.2,1,0,116.94,0.72,0.98
2026-07-08,NORTH,chat,3591,3619,563,563,517.2,1.6,0,69.8,0.72,0.98
2026-07-08,NORTH,email,3591,3619,322,322,306,1,322,37.8,0.72,0.98
2026-07-08,SOUTH,voice,5917,5965,801,801,426,1,0,130.92,0.72,0.98
2026-07-08,SOUTH,chat,5917,5965,623,623,514.8,1.6,0,76.94,0.72,0.98
2026-07-08,SOUTH,email,5917,5965,356,356,298.2,1,356,40.7,0.72,0.98
2026-07-09,NORTH,voice,3339,3308,681,681,426,1,0,115.7,0.7,0.99
2026-07-09,NORTH,chat,3339,3308,530,530,531,1.6,0,70.15,0.7,0.99
2026-07-09,NORTH,email,3339,3308,303,303,295.2,1,303,35.65,0.7,0.99
2026-07-09,SOUTH,voice,5773,5393,769,769,429,1,0,131.57,0.7,0.99
2026-07-09,SOUTH,chat,5773,5393,598,598,526.8,1.6,0,78.56,0.7,0.99
2026-07-09,SOUTH,email,5773,5393,342,342,304.2,1,342,41.47,0.7,0.99
2026-07-10,NORTH,voice,3372,3334,698,698,418.2,1,0,122.41,0.66,0.99
2026-07-10,NORTH,chat,3372,3334,543,543,525,1.6,0,74.75,0.66,0.99
2026-07-10,NORTH,email,3372,3334,310,310,298.2,1,310,38.76,0.66,0.99
2026-07-10,SOUTH,voice,5324,4965,706,706,420,1,0,124.41,0.66,0.99
2026-07-10,SOUTH,chat,5324,4965,549,549,517.2,1.6,0,74.43,0.66,0.99
2026-07-10,SOUTH,email,5324,4965,314,314,291,1,314,38.34,0.66,0.99
2026-07-11,NORTH,voice,1603,1608,324,324,415.8,1,0,47.02,0.8,0.84
2026-07-11,NORTH,chat,1603,1608,252,252,516,1.6,0,28.35,0.8,0.84
2026-07-11,NORTH,email,1603,1608,144,144,292.8,1,144,14.72,0.8,0.84
2026-07-11,SOUTH,voice,2726,2614,365,365,424.2,1,0,53.99,0.8,0.84
2026-07-11,SOUTH,chat,2726,2614,284,284,516,1.6,0,31.95,0.8,0.84
2026-07-11,SOUTH,email,2726,2614,162,162,300,1,162,16.95,0.8,0.84
2026-07-12,NORTH,voice,994,936,202,199,430.8,1,0,28.77,0.83,0.74
2026-07-12,NORTH,chat,994,936,157,155,508.2,1.6,0,16.47,0.83,0.74
2026-07-12,NORTH,email,994,936,90,89,307.2,1,89,9.13,0.83,0.73
2026-07-12,SOUTH,voice,1605,1556,216,213,424.8,1,0,30.33,0.83,0.74
2026-07-12,SOUTH,chat,1605,1556,168,166,513,1.6,0,17.8,0.83,0.74
2026-07-12,SOUTH,email,1605,1556,96,95,301.2,1,95,9.55,0.83,0.73
2026-07-13,NORTH,voice,4033,3803,846,757,589.8,1,0,149.51,0.83,0.74
2026-07-13,NORTH,chat,4033,3803,658,589,514.2,1.6,0,63.32,0.83,0.74
2026-07-13,NORTH,email,4033,3803,376,337,292.2,1,337,32.89,0.83,0.73
2026-07-13,SOUTH,voice,6763,6353,923,826,429,1,0,118.6,0.83,0.74
2026-07-13,SOUTH,chat,6763,6353,718,643,526.8,1.6,0,70.84,0.83,0.74
2026-07-13,SOUTH,email,6763,6353,410,367,309,1,367,37.95,0.83,0.74
2026-07-14,NORTH,voice,3933,3760,815,753,595.2,1,0,149.95,0.83,0.74
2026-07-14,NORTH,chat,3933,3760,634,586,519,1.6,0,63.59,0.83,0.74
2026-07-14,NORTH,email,3933,3760,362,334,301.8,1,334,33.81,0.83,0.74
2026-07-14,SOUTH,voice,6666,6639,907,838,418.8,1,0,117.52,0.83,0.74
2026-07-14,SOUTH,chat,6666,6639,705,651,520.2,1.6,0,70.85,0.83,0.74
2026-07-14,SOUTH,email,6666,6639,403,372,300,1,372,37.39,0.83,0.74
2026-07-15,NORTH,voice,3528,3320,755,755,571.8,1,0,144.84,0.83,0.74
2026-07-15,NORTH,chat,3528,3320,587,587,514.8,1.6,0,63.37,0.83,0.74
2026-07-15,NORTH,email,3528,3320,336,336,298.2,1,336,33.58,0.83,0.74
2026-07-15,SOUTH,voice,6428,6058,852,852,418.8,1,0,119.73,0.83,0.74
2026-07-15,SOUTH,chat,6428,6058,663,663,523.8,1.6,0,72.82,0.83,0.74
2026-07-15,SOUTH,email,6428,6058,379,379,304.8,1,379,38.77,0.83,0.74
2026-07-16,NORTH,voice,3440,3263,728,728,574.8,1,0,150.5,0.77,0.9
2026-07-16,NORTH,chat,3440,3263,566,566,525,1.6,0,66.77,0.77,0.9
2026-07-16,NORTH,email,3440,3263,323,323,300,1,323,34.84,0.77,0.9
2026-07-16,SOUTH,voice,5750,5703,763,763,424.2,1,0,116.31,0.77,0.9
2026-07-16,SOUTH,chat,5750,5703,593,593,514.2,1.6,0,68.49,0.77,0.9
2026-07-16,SOUTH,email,5750,5703,339,339,297,1,339,36.2,0.77,0.9
2026-07-17,NORTH,voice,3257,3080,710,710,580.8,1,0,148.46,0.77,0.9
2026-07-17,NORTH,chat,3257,3080,552,552,532.2,1.6,0,66.05,0.77,0.9
2026-07-17,NORTH,email,3257,3080,316,316,304.2,1,316,34.57,0.77,0.9
2026-07-17,SOUTH,voice,5539,5354,757,757,430.8,1,0,117.42,0.77,0.9
2026-07-17,SOUTH,chat,5539,5354,589,589,528,1.6,0,69.95,0.77,0.9
2026-07-17,SOUTH,email,5539,5354,336,336,303,1,336,36.64,0.77,0.9
2026-07-18,NORTH,voice,1764,1668,376,319,598.8,1,0,64.03,0.83,0.74
2026-07-18,NORTH,chat,1764,1668,293,249,519,1.6,0,27.02,0.83,0.74
2026-07-18,NORTH,email,1764,1668,167,142,292.8,1,142,13.91,0.83,0.74
2026-07-18,SOUTH,voice,2855,2682,385,327,424.2,1,0,46.41,0.83,0.74
2026-07-18,SOUTH,chat,2855,2682,299,254,514.2,1.6,0,27.31,0.83,0.74
2026-07-18,SOUTH,email,2855,2682,171,145,294,1,145,14.29,0.83,0.74
2026-07-19,NORTH,voice,987,985,214,181,580.8,1,0,35.19,0.83,0.74
2026-07-19,NORTH,chat,987,985,166,140,507,1.6,0,14.89,0.83,0.75
2026-07-19,NORTH,email,987,985,95,80,303,1,80,8.15,0.83,0.75
2026-07-19,SOUTH,voice,1752,1758,233,197,430.8,1,0,28.42,0.83,0.74
2026-07-19,SOUTH,chat,1752,1758,181,153,520.8,1.6,0,16.68,0.83,0.74
2026-07-19,SOUTH,email,1752,1758,104,88,295.8,1,88,8.71,0.83,0.74
2026-07-20,NORTH,voice,4260,4223,917,769,579,1,0,149.06,0.83,0.74
2026-07-20,NORTH,chat,4260,4223,713,598,525,1.6,0,65.68,0.83,0.74
2026-07-20,NORTH,email,4260,4223,407,341,292.8,1,341,33.48,0.83,0.74
2026-07-20,SOUTH,voice,7253,6962,979,821,427.2,1,0,117.36,0.83,0.74
2026-07-20,SOUTH,chat,7253,6962,761,638,528,1.6,0,70.51,0.83,0.74
2026-07-20,SOUTH,email,7253,6962,435,365,303,1,365,37,0.83,0.74
2026-07-21,NORTH,voice,3859,3596,835,747,604.8,1,0,151.2,0.83,0.74
2026-07-21,NORTH,chat,3859,3596,649,580,526.2,1.6,0,63.86,0.83,0.74
2026-07-21,NORTH,email,3859,3596,371,332,301.8,1,332,33.54,0.83,0.74
2026-07-21,SOUTH,voice,6884,6454,936,837,415.8,1,0,116.54,0.83,0.74
2026-07-21,SOUTH,chat,6884,6454,728,651,523.2,1.6,0,71.23,0.83,0.74
2026-07-21,SOUTH,email,6884,6454,416,372,295.2,1,372,36.73,0.83,0.74
2026-07-22,NORTH,voice,3701,3671,814,772,574.2,1,0,148.26,0.83,0.74
2026-07-22,NORTH,chat,3701,3671,633,600,526.8,1.6,0,66.16,0.83,0.74
2026-07-22,NORTH,email,3701,3671,362,343,303,1,343,34.8,0.83,0.74
2026-07-22,SOUTH,voice,6360,5946,874,829,429,1,0,118.97,0.83,0.74
2026-07-22,SOUTH,chat,6360,5946,680,645,505.2,1.6,0,68.1,0.83,0.74
2026-07-22,SOUTH,email,6360,5946,388,368,298.8,1,368,36.81,0.83,0.74
2026-07-23,NORTH,voice,3390,3310,767,767,604.8,1,0,156.07,0.83,0.75
2026-07-23,NORTH,chat,3390,3310,596,596,529.2,1.6,0,66.27,0.83,0.75
2026-07-23,NORTH,email,3390,3310,341,341,307.8,1,341,35.32,0.83,0.75
2026-07-23,SOUTH,voice,5882,5701,793,793,423,1,0,112.82,0.83,0.75
2026-07-23,SOUTH,chat,5882,5701,617,617,511.8,1.6,0,66.4,0.83,0.75
2026-07-23,SOUTH,email,5882,5701,353,353,304.8,1,353,36.21,0.83,0.75
2026-07-24,NORTH,voice,3303,3188,725,725,589.8,1,0,150.63,0.79,0.86
2026-07-24,NORTH,chat,3303,3188,564,564,517.8,1.6,0,64.3,0.79,0.86
2026-07-24,NORTH,email,3303,3188,322,322,292.8,1,322,33.22,0.79,0.86
2026-07-24,SOUTH,voice,5751,5437,791,791,418.2,1,0,116.43,0.79,0.86
2026-07-24,SOUTH,chat,5751,5437,615,615,526.2,1.6,0,71.2,0.79,0.86
2026-07-24,SOUTH,email,5751,5437,352,352,301.2,1,352,37.31,0.79,0.86
2026-07-25,NORTH,voice,1701,1615,380,317,577.2,1,0,61.22,0.83,0.74
2026-07-25,NORTH,chat,1701,1615,295,246,511.8,1.6,0,26.36,0.83,0.74
2026-07-25,NORTH,email,1701,1615,169,141,298.8,1,141,14.11,0.83,0.74
2026-07-25,SOUTH,voice,2989,2891,407,340,418.8,1,0,47.61,0.83,0.73
2026-07-25,SOUTH,chat,2989,2891,317,264,511.2,1.6,0,28.27,0.83,0.74
2026-07-25,SOUTH,email,2989,2891,181,151,304.8,1,151,15.41,0.83,0.74
2026-07-26,NORTH,voice,1044,1028,233,187,591,1,0,37.06,0.83,0.74
2026-07-26,NORTH,chat,1044,1028,181,146,510,1.6,0,15.53,0.83,0.73
2026-07-26,NORTH,email,1044,1028,104,84,303,1,84,8.48,0.83,0.73
2026-07-26,SOUTH,voice,1772,1729,236,190,417,1,0,26.49,0.83,0.73
2026-07-26,SOUTH,chat,1772,1729,183,147,520.8,1.6,0,16.04,0.83,0.74
2026-07-26,SOUTH,email,1772,1729,105,84,298.8,1,84,8.45,0.83,0.75
2026-07-27,NORTH,voice,4413,4168,1025,548,571.8,1,0,104.96,0.83,0.74
2026-07-27,NORTH,chat,4413,4168,797,426,511.8,1.6,0,45.66,0.83,0.74
2026-07-27,NORTH,email,4413,4168,455,243,295.8,1,243,24.11,0.83,0.74
2026-07-27,SOUTH,voice,7367,7128,1001,535,414,1,0,74.19,0.83,0.74
2026-07-27,SOUTH,chat,7367,7128,779,417,532.8,1.6,0,46.46,0.83,0.74
2026-07-27,SOUTH,email,7367,7128,445,238,298.8,1,238,23.82,0.83,0.74
2026-07-28,NORTH,voice,3995,3791,930,544,592.2,1,0,107.79,0.83,0.74
2026-07-28,NORTH,chat,3995,3791,723,423,525,1.6,0,46.45,0.83,0.74
2026-07-28,NORTH,email,3995,3791,413,242,301.8,1,242,24.42,0.83,0.73
2026-07-28,SOUTH,voice,6409,6021,876,512,429,1,0,73.57,0.83,0.74
2026-07-28,SOUTH,chat,6409,6021,681,398,535.2,1.6,0,44.58,0.83,0.74
2026-07-28,SOUTH,email,6409,6021,389,228,294,1,228,22.39,0.83,0.73
2026-07-29,NORTH,voice,3794,3607,888,796,571.2,1,0,152.07,0.83,0.74
2026-07-29,NORTH,chat,3794,3607,691,619,511.2,1.6,0,66.19,0.83,0.74
2026-07-29,NORTH,email,3794,3607,395,354,300,1,354,35.54,0.83,0.74
2026-07-29,SOUTH,voice,6598,6628,906,812,426,1,0,115.75,0.83,0.74
2026-07-29,SOUTH,chat,6598,6628,705,632,511.8,1.6,0,67.66,0.83,0.74
2026-07-29,SOUTH,email,6598,6628,403,361,297,1,361,35.9,0.83,0.74
2026-07-30,NORTH,voice,3476,3460,803,764,603,1,0,154.11,0.83,0.74
2026-07-30,NORTH,chat,3476,3460,625,594,529.2,1.6,0,65.77,0.83,0.74
2026-07-30,NORTH,email,3476,3460,357,340,295.8,1,340,33.63,0.83,0.73
2026-07-30,SOUTH,voice,6255,6045,858,816,424.8,1,0,116.06,0.83,0.74
2026-07-30,SOUTH,chat,6255,6045,667,634,508.2,1.6,0,67.4,0.83,0.74
2026-07-30,SOUTH,email,6255,6045,381,362,298.2,1,362,36.14,0.83,0.74
2026-07-31,NORTH,voice,3387,3378,782,782,583.2,1,0,155.26,0.82,0.78
2026-07-31,NORTH,chat,3387,3378,608,608,514.2,1.6,0,66.51,0.82,0.78
2026-07-31,NORTH,email,3387,3378,347,347,294,1,347,34.74,0.82,0.78
2026-07-31,SOUTH,voice,5970,5561,796,796,421.2,1,0,114.12,0.82,0.78
2026-07-31,SOUTH,chat,5970,5561,619,619,505.8,1.6,0,66.66,0.82,0.78
2026-07-31,SOUTH,email,5970,5561,354,354,297,1,354,35.8,0.82,0.78
2026-08-01,NORTH,voice,1723,1641,399,323,571.8,1,0,61.87,0.83,0.74
2026-08-01,NORTH,chat,1723,1641,310,251,505.2,1.6,0,26.52,0.83,0.74
2026-08-01,NORTH,email,1723,1641,177,143,292.8,1,143,14.06,0.83,0.74
2026-08-01,SOUTH,voice,3061,2869,414,335,418.2,1,0,46.91,0.83,0.74
2026-08-01,SOUTH,chat,3061,2869,322,261,517.8,1.6,0,28.26,0.83,0.74
2026-08-01,SOUTH,email,3061,2869,184,149,307.8,1,149,15.36,0.83,0.74
2026-08-02,NORTH,voice,1070,1016,252,192,589.8,1,0,37.84,0.83,0.73
2026-08-02,NORTH,chat,1070,1016,196,149,535.8,1.6,0,16.71,0.83,0.74
2026-08-02,NORTH,email,1070,1016,112,85,303,1,85,8.64,0.83,0.74
2026-08-02,SOUTH,voice,1795,1725,241,183,415.2,1,0,25.45,0.83,0.74
2026-08-02,SOUTH,chat,1795,1725,188,143,510,1.6,0,15.25,0.83,0.74
2026-08-02,SOUTH,email,1795,1725,107,81,300,1,81,8.17,0.83,0.75
2026-08-03,NORTH,voice,4430,4138,1053,800,586.2,1,0,156.9,0.83,0.74
2026-08-03,NORTH,chat,4430,4138,819,622,519,1.6,0,67.55,0.83,0.74
2026-08-03,NORTH,email,4430,4138,468,356,298.8,1,356,35.58,0.83,0.73
2026-08-03,SOUTH,voice,7557,7606,1036,787,427.2,1,0,112.48,0.83,0.74
2026-08-03,SOUTH,chat,7557,7606,806,612,507,1.6,0,64.94,0.83,0.74
2026-08-03,SOUTH,email,7557,7606,461,350,304.2,1,350,35.64,0.83,0.74
2026-08-04,NORTH,voice,3910,3912,938,824,577.8,1,0,159.33,0.83,0.74
2026-08-04,NORTH,chat,3910,3912,729,640,514.2,1.6,0,68.82,0.83,0.74
2026-08-04,NORTH,email,3910,3912,417,366,306,1,366,37.5,0.83,0.74
2026-08-04,SOUTH,voice,6450,6427,871,765,415.8,1,0,106.48,0.83,0.74
2026-08-04,SOUTH,chat,6450,6427,677,594,532.8,1.6,0,66.28,0.83,0.74
2026-08-04,SOUTH,email,6450,6427,387,340,304.8,1,340,34.69,0.83,0.74
2026-08-05,NORTH,voice,3722,3755,887,818,589.2,1,0,161.34,0.83,0.74
2026-08-05,NORTH,chat,3722,3755,690,637,523.2,1.6,0,69.65,0.83,0.74
2026-08-05,NORTH,email,3722,3755,394,364,292.8,1,364,35.65,0.83,0.73
2026-08-05,SOUTH,voice,6325,6136,845,780,409.2,1,0,106.73,0.83,0.74
2026-08-05,SOUTH,chat,6325,6136,657,606,508.8,1.6,0,64.55,0.83,0.74
2026-08-05,SOUTH,email,6325,6136,376,347,303,1,347,35.18,0.83,0.74
2026-08-06,NORTH,voice,3763,3694,899,827,583.2,1,0,161.42,0.83,0.74
2026-08-06,NORTH,chat,3763,3694,699,643,508.2,1.6,0,68.35,0.83,0.74
2026-08-06,NORTH,email,3763,3694,400,368,298.2,1,368,36.71,0.83,0.74
2026-08-06,SOUTH,voice,6127,5867,828,762,417,1,0,106.34,0.83,0.74
2026-08-06,SOUTH,chat,6127,5867,644,593,532.2,1.6,0,65.95,0.83,0.74
2026-08-06,SOUTH,email,6127,5867,368,339,303,1,339,34.34,0.83,0.73
2026-08-07,NORTH,voice,3381,3375,826,795,603,1,0,160.5,0.83,0.74
2026-08-07,NORTH,chat,3381,3375,643,619,508.8,1.6,0,65.91,0.83,0.74
2026-08-07,NORTH,email,3381,3375,367,353,301.8,1,353,35.71,0.83,0.74
2026-08-07,SOUTH,voice,6094,5952,818,788,414,1,0,109.12,0.83,0.74
2026-08-07,SOUTH,chat,6094,5952,636,612,513,1.6,0,65.71,0.83,0.74
2026-08-07,SOUTH,email,6094,5952,363,350,309,1,350,36.14,0.83,0.73
2026-08-08,NORTH,voice,1700,1692,410,337,582,1,0,65.72,0.83,0.74
2026-08-08,NORTH,chat,1700,1692,319,263,507,1.6,0,27.84,0.83,0.73
2026-08-08,NORTH,email,1700,1692,182,150,295.8,1,150,14.84,0.83,0.73
2026-08-08,SOUTH,voice,2850,2764,378,311,427.8,1,0,44.56,0.83,0.74
2026-08-08,SOUTH,chat,2850,2764,294,242,522,1.6,0,26.42,0.83,0.74
2026-08-08,SOUTH,email,2850,2764,168,138,294,1,138,13.6,0.83,0.74
2026-08-09,NORTH,voice,1048,1049,260,197,577.8,1,0,38.05,0.83,0.73
2026-08-09,NORTH,chat,1048,1049,203,154,529.8,1.6,0,17.03,0.83,0.73
2026-08-09,NORTH,email,1048,1049,116,88,301.8,1,88,8.87,0.83,0.73
2026-08-09,SOUTH,voice,1716,1677,233,176,432,1,0,25.48,0.83,0.74
2026-08-09,SOUTH,chat,1716,1677,181,137,513,1.6,0,14.69,0.83,0.74
2026-08-09,SOUTH,email,1716,1677,103,78,304.2,1,78,7.93,0.83,0.73
2026-08-10,NORTH,voice,4387,4178,1083,807,592.8,1,0,160.22,0.83,0.74
2026-08-10,NORTH,chat,4387,4178,843,628,517.8,1.6,0,68.09,0.83,0.74
2026-08-10,NORTH,email,4387,4178,482,359,301.2,1,359,36.19,0.83,0.74
2026-08-10,SOUTH,voice,7603,7503,1044,778,415.2,1,0,108.09,0.83,0.74
2026-08-10,SOUTH,chat,7603,7503,812,605,516,1.6,0,65.33,0.83,0.74
2026-08-10,SOUTH,email,7603,7503,464,346,304.2,1,346,35.19,0.83,0.74
2026-08-11,NORTH,voice,4025,4009,978,830,580.8,1,0,161.48,0.83,0.74
2026-08-11,NORTH,chat,4025,4009,761,646,526.2,1.6,0,71.1,0.83,0.74
2026-08-11,NORTH,email,4025,4009,435,369,298.2,1,369,36.84,0.83,0.74
2026-08-11,SOUTH,voice,6581,6298,892,757,426,1,0,107.99,0.83,0.74
2026-08-11,SOUTH,chat,6581,6298,694,589,505.8,1.6,0,62.37,0.83,0.74
2026-08-11,SOUTH,email,6581,6298,396,336,295.8,1,336,33.31,0.83,0.74
2026-08-12,NORTH,voice,3782,3703,918,796,576,1,0,153.43,0.83,0.74
2026-08-12,NORTH,chat,3782,3703,714,619,520.8,1.6,0,67.46,0.83,0.74
2026-08-12,NORTH,email,3782,3703,408,354,307.2,1,354,36.35,0.83,0.74
2026-08-12,SOUTH,voice,6837,6418,918,796,427.8,1,0,114.01,0.83,0.74
2026-08-12,SOUTH,chat,6837,6418,714,619,505.2,1.6,0,65.39,0.83,0.74
2026-08-12,SOUTH,email,6837,6418,408,354,307.8,1,354,36.46,0.83,0.74
2026-08-13,NORTH,voice,3721,3591,931,805,598.2,1,0,161.15,0.83,0.74
2026-08-13,NORTH,chat,3721,3591,724,626,532.8,1.6,0,69.81,0.83,0.74
2026-08-13,NORTH,email,3721,3591,414,358,307.2,1,358,36.79,0.83,0.74
2026-08-13,SOUTH,voice,6312,6133,856,740,430.8,1,0,106.79,0.83,0.74
2026-08-13,SOUTH,chat,6312,6133,666,576,535.8,1.6,0,64.58,0.83,0.74
2026-08-13,SOUTH,email,6312,6133,381,330,307.8,1,330,33.97,0.83,0.73
2026-08-14,NORTH,voice,3657,3502,902,843,586.8,1,0,165.62,0.83,0.74
2026-08-14,NORTH,chat,3657,3502,702,656,532.2,1.6,0,73.01,0.83,0.74
2026-08-14,NORTH,email,3657,3502,401,375,295.8,1,375,37.13,0.83,0.74
2026-08-14,SOUTH,voice,5716,5380,772,722,432,1,0,104.32,0.83,0.74
2026-08-14,SOUTH,chat,5716,5380,601,562,514.2,1.6,0,60.39,0.83,0.74
2026-08-14,SOUTH,email,5716,5380,343,321,304.2,1,321,32.62,0.83,0.73
2026-08-15,NORTH,voice,1741,1640,431,325,600,1,0,65.35,0.83,0.74
2026-08-15,NORTH,chat,1741,1640,335,253,510,1.6,0,26.98,0.83,0.74
2026-08-15,NORTH,email,1741,1640,191,144,304.2,1,144,14.67,0.83,0.74
2026-08-15,SOUTH,voice,3118,3019,428,323,408,1,0,44.13,0.83,0.74
2026-08-15,SOUTH,chat,3118,3019,333,251,517.8,1.6,0,27.24,0.83,0.74
2026-08-15,SOUTH,email,3118,3019,190,143,304.2,1,143,14.6,0.83,0.75
2026-08-16,NORTH,voice,1100,1055,277,196,585,1,0,38.4,0.83,0.74
2026-08-16,NORTH,chat,1100,1055,216,153,508.2,1.6,0,16.25,0.83,0.74
2026-08-16,NORTH,email,1100,1055,123,87,301.2,1,87,8.77,0.83,0.74
2026-08-16,SOUTH,voice,1835,1770,251,178,427.8,1,0,25.46,0.83,0.73
2026-08-16,SOUTH,chat,1835,1770,196,139,517.8,1.6,0,15.04,0.83,0.73
2026-08-16,SOUTH,email,1835,1770,112,79,306,1,79,8.12,0.83,0.75
2026-08-17,NORTH,voice,4285,4108,1041,793,598.8,1,0,159.02,0.83,0.74
2026-08-17,NORTH,chat,4285,4108,810,617,523.8,1.6,0,67.65,0.83,0.74
2026-08-17,NORTH,email,4285,4108,463,353,306,1,353,36.13,0.83,0.74
2026-08-17,SOUTH,voice,7647,7301,1039,792,409.2,1,0,108.37,0.83,0.74
2026-08-17,SOUTH,chat,7647,7301,808,616,517.8,1.6,0,66.71,0.83,0.74
2026-08-17,SOUTH,email,7647,7301,462,352,298.8,1,352,35.23,0.83,0.74
2026-08-18,NORTH,voice,4239,4254,1038,854,573,1,0,163.8,0.83,0.74
2026-08-18,NORTH,chat,4239,4254,807,664,511.2,1.6,0,70.98,0.83,0.74
2026-08-18,NORTH,email,4239,4254,461,379,301.8,1,379,38.34,0.83,0.74
2026-08-18,SOUTH,voice,6683,6325,904,744,423,1,0,105.31,0.83,0.74
2026-08-18,SOUTH,chat,6683,6325,703,578,507,1.6,0,61.35,0.83,0.74
2026-08-18,SOUTH,email,6683,6325,402,331,301.2,1,331,33.32,0.83,0.74
2026-08-19,NORTH,voice,3912,3850,967,802,597,1,0,160.33,0.83,0.74
2026-08-19,NORTH,chat,3912,3850,752,624,519,1.6,0,67.75,0.83,0.74
2026-08-19,NORTH,email,3912,3850,430,357,306,1,357,36.54,0.83,0.74
2026-08-19,SOUTH,voice,6923,6750,932,773,421.8,1,0,109.23,0.83,0.74
2026-08-19,SOUTH,chat,6923,6750,725,602,520.2,1.6,0,65.44,0.83,0.74
2026-08-19,SOUTH,email,6923,6750,414,344,294,1,344,33.8,0.83,0.73
2026-08-20,NORTH,voice,3728,3615,936,827,598.2,1,0,165.6,0.83,0.74
2026-08-20,NORTH,chat,3728,3615,728,644,517.8,1.6,0,69.73,0.83,0.74
2026-08-20,NORTH,email,3728,3615,416,368,292.8,1,368,36.06,0.83,0.74
2026-08-20,SOUTH,voice,6228,6230,847,749,427.8,1,0,107.25,0.83,0.74
2026-08-20,SOUTH,chat,6228,6230,659,583,505.2,1.6,0,61.54,0.83,0.74
2026-08-20,SOUTH,email,6228,6230,376,332,295.8,1,332,32.93,0.83,0.74
2026-08-21,NORTH,voice,3686,3676,905,830,583.8,1,0,162.31,0.83,0.74
2026-08-21,NORTH,chat,3686,3676,704,646,520.2,1.6,0,70.27,0.83,0.74
2026-08-21,NORTH,email,3686,3676,402,369,304.2,1,369,37.53,0.83,0.74
2026-08-21,SOUTH,voice,6132,5774,822,754,426,1,0,107.54,0.83,0.74
2026-08-21,SOUTH,chat,6132,5774,640,587,508.2,1.6,0,62.4,0.83,0.74
2026-08-21,SOUTH,email,6132,5774,366,336,294,1,336,33.05,0.83,0.74
2026-08-22,NORTH,voice,1734,1619,431,327,573,1,0,62.76,0.83,0.74
2026-08-22,NORTH,chat,1734,1619,335,254,526.2,1.6,0,27.99,0.83,0.74
2026-08-22,NORTH,email,1734,1619,191,145,301.2,1,145,14.61,0.83,0.74
2026-08-22,SOUTH,voice,3196,3005,437,332,412.2,1,0,45.75,0.83,0.74
2026-08-22,SOUTH,chat,3196,3005,340,258,505.2,1.6,0,27.27,0.83,0.74
2026-08-22,SOUTH,email,3196,3005,194,147,295.8,1,147,14.59,0.83,0.74
2026-08-23,NORTH,voice,1076,1040,262,189,601.8,1,0,38.03,0.83,0.73
2026-08-23,NORTH,chat,1076,1040,204,147,517.2,1.6,0,15.89,0.83,0.74
2026-08-23,NORTH,email,1076,1040,116,84,301.8,1,84,8.45,0.83,0.72
2026-08-23,SOUTH,voice,1868,1778,254,183,423,1,0,25.91,0.83,0.74
2026-08-23,SOUTH,chat,1868,1778,198,143,519,1.6,0,15.49,0.83,0.73
2026-08-23,SOUTH,email,1868,1778,113,81,304.2,1,81,8.28,0.83,0.75
